id,time,latitude,longitude,depth,magnitude,place,type,julian_date,moon_ra,moon_dec,moon_distance_au,moon_altitude,A_norm,tau_raw,sigma_raw,strike1,dip1,rake1,strike2,dip2,rake2,final_cfs_optimal
usp0006qyz,1995-01-06 22:37:34.320000+00:00,40.246,142.175,26.9,7.0,"63 km ESE of Hachinohe, Japan",earthquake,2449724.4427583334,355.5623,2.06087,0.00261215789812,-27.28610311952307,0.7252739842192192,0.6445716240216607,-0.33249026104729607,180.0,22.0,68.0,24.0,69.0,98.0,0.25318720601745626
usp0006sef,1995-02-05 22:51:05.140000+00:00,-37.759,178.752,21.1,7.1,"118 km NNE of Gisborne, New Zealand",earthquake,2449754.452142824,27.03611,12.09037,0.0026700414789,-8.125732341882408,0.6898397831798457,0.6829139829420287,-0.09750599140499602,197.0,68.0,253.0,55.0,26.0,-54.0,0.41625217256617153
usp0006vb3,1995-04-07 22:06:56.890000+00:00,-15.199,-173.529,21.2,7.4,"88 km NNE of Hihifo, Tonga",earthquake,2449815.421491782,104.911,17.80052,0.00268211369778,-24.924151893873237,0.671575741849198,0.6090295119095476,-0.2830141880957894,300.0,84.0,75.0,188.0,15.0,157.0,0.34262821253238485
usp0006vz9,1995-04-21 00:34:46.090000+00:00,12.059,125.58,20.7,7.2,"10 km E of Dapdap, Philippines",earthquake,2449828.52414456,286.74051,-17.52783,0.0024748049136,26.21790509319823,0.8923166391137277,0.8005154191941334,0.39421320129044324,221.0,34.0,126.0,360.0,63.0,68.0,0.8357685901115716
usp0006ww5,1995-05-05 03:53:45.050000+00:00,12.626,125.297,16.0,7.1,"14 km NE of Cabatuan, Philippines",earthquake,2449842.662326968,104.15054,17.88158,0.00269882297273,33.4506621177729,0.6902467315586814,0.5759148085601974,0.3804769161309444,343.0,75.0,90.0,159.0,14.0,86.0,0.7427928636184216
usp0006xg1,1995-05-16 20:12:44.220000+00:00,-23.008,169.9,20.2,7.7,"249 km E of Vao, New Caledonia",earthquake,2449854.3421784723,263.18222,-19.37705,0.00240217490808,11.712049781406204,0.9640623008982603,0.9439906598259397,0.19569812000792128,257.0,52.0,230.0,131.0,52.0,-50.0,0.48603450616309596
usp0006y50,1995-05-27 13:03:52.650000+00:00,52.629,142.827,11.0,7.1,"85 km S of Tungor, Russia",earthquake,2449865.044359375,43.50524,15.65382,0.00270008553476,-22.56920052129792,0.6594110036526013,0.6089111082451739,-0.25308127942178,106.0,88.0,359.0,196.0,89.0,-178.0,-0.4786254520608263
usp000702z,1995-07-03 19:50:50.620000+00:00,-29.211,-177.589,35.3,7.2,"Kermadec Islands, New Zealand",earthquake,2449902.3269747687,166.69179,1.75973,0.0026003418983,-31.949250698081958,0.7326316061189195,0.6216504717263853,-0.3876851316297161,191.0,31.0,82.0,20.0,58.0,94.0,0.07219198095357204
usp000714t,1995-07-30 05:11:23.630000+00:00,-23.34,-70.294,45.6,8.0,"36 km NNE of Antofagasta, Chile",earthquake,2449928.7162457174,156.63741,5.40273,0.00262245588768,-62.924985024638204,0.7020494912255826,0.3195425071940727,-0.625112849193028,14.0,17.0,116.0,166.0,74.0,82.0,-0.1536747213032505
usp00071w4,1995-08-16 10:27:28.630000+00:00,-5.799,154.178,30.1,7.7,"155 km WNW of Panguna, Papua New Guinea",earthquake,2449945.9357480323,32.12728,12.47511,0.00263918374259,-28.066986520653984,0.7030091963163831,0.6203339887773178,-0.33076830633092613,315.0,41.0,85.0,140.0,48.0,93.0,-0.011475419183881175
usp00071xh,1995-08-16 23:10:23.980000+00:00,-5.771,154.347,33.0,7.2,"139 km WNW of Panguna, Papua New Guinea",earthquake,2449946.465555324,38.64856,14.04465,0.00265487295679,18.626663084408918,0.7173673157742121,0.6797915274874715,0.22912735519214716,303.0,37.0,77.0,138.0,53.0,99.0,0.5903501331810062
usp00073c5,1995-09-14 14:04:31.430000+00:00,16.779,-98.597,23.0,7.4,"5 km N of Azoyú, Mexico",earthquake,2449975.0864748843,54.47626,16.82459,0.00267204379017,40.44289504831365,0.7146892904389991,0.5439163376707997,0.463611690408023,295.0,13.0,91.0,114.0,76.0,89.0,0.7660156554111344
usp00074vc,1995-10-09 15:35:53.910000+00:00,19.055,-104.205,33.0,8.0,"1995 Colima-Jalisco, Mexico Earthquake",earthquake,2450000.1499295137,25.73536,10.54679,0.00261193518707,-26.362218212203402,0.725989155991403,0.6504897433189564,-0.32237144484886987,290.0,15.0,67.0,133.0,75.0,96.0,0.35299055790284584
usp00075bd,1995-10-18 10:37:26.380000+00:00,27.929,130.175,28.4,7.1,"83 km SE of Naze, Japan",earthquake,2450008.942666435,135.15163,11.74474,0.00265692613385,-50.8765043017382,0.6790629599876192,0.42848464889618904,-0.5268087027446078,6.0,18.0,246.0,211.0,73.0,-82.0,-0.00865327963712656
usp0007788,1995-11-22 04:15:11.940000+00:00,28.826,34.799,10.0,7.2,"27 km SSE of Nuwaybi‘a, Egypt",earthquake,2450043.677221528,231.0366,-16.22509,0.00242296173273,6.453201137625097,0.9349967501791194,0.929072599518737,0.10508581097851065,293.0,85.0,205.0,201.0,64.0,-4.0,0.1861377887364546
usp000782n,1995-12-03 18:01:08.990000+00:00,44.663,149.3,33.0,7.9,"128 km ESE of Kuril’sk, Russia",earthquake,2450055.2507984955,32.36147,12.25533,0.00265009945012,1.1391401260522274,0.7109328879168919,0.7107923824122495,0.014133655810529949,230.0,18.0,103.0,36.0,71.0,85.0,0.5978892587922409
usp00079zv,1996-01-01 08:05:10.830000+00:00,0.729,119.931,24.0,7.9,"181 km N of Palu, Indonesia",earthquake,2450083.8369309027,49.02364,15.72589,0.0026773180667,21.002431294015263,0.7006955422252844,0.6541449870779114,0.25113458299331154,42.0,9.0,69.0,243.0,81.0,93.0,0.7436622323114439
usp0007chh,1996-02-07 21:36:46.300000+00:00,45.324,149.892,42.6,7.2,"158 km E of Kuril’sk, Russia",earthquake,2450121.40053588,174.48407,0.13767,0.00263446992024,8.343461765667714,0.7280942911339664,0.7203881432430246,0.10565140726341742,241.0,30.0,119.0,28.0,63.0,74.0,0.5692212286709444
official19960217055930550_33,1996-02-17 05:59:30.550000+00:00,-0.891,136.952,33.0,8.09,"1996 Biak, Indonesia Earthquake",earthquake,2450130.7496591434,304.93276,-14.50947,0.00241233138176,20.103514421398305,0.9590059192338394,0.9005767294412772,0.32962692170754787,107.0,12.0,79.0,297.0,77.0,92.0,1.00350359864145
usp0007dmb,1996-02-21 12:51:01.300000+00:00,-9.593,-79.587,10.0,7.5,"123 km WSW of Puerto Santa, Peru",earthquake,2450135.035431713,5.44209,3.48675,0.00250200011146,-12.840885987014504,0.8345518024252195,0.8136805048413764,-0.18547438360125473,326.0,12.0,77.0,159.0,77.0,92.0,0.6170993357308786
usp0007dv6,1996-02-25 03:08:15.870000+00:00,15.978,-98.07,21.1,7.1,"24 km SSW of Santa María Chico Ometepec, Mexico",earthquake,2450138.6307392363,51.72626,15.7078,0.00263975043394,39.780912918011055,0.7412267189430294,0.5696303039557303,0.4742766763086194,290.0,19.0,94.0,105.0,70.0,88.0,0.7981989840789266
usp0007gqq,1996-04-29 14:40:41.090000+00:00,-6.518,154.999,44.0,7.2,"58 km WSW of Panguna, Papua New Guinea",earthquake,2450203.11158669,171.45391,1.22869,0.00261702211094,27.214713604868113,0.7541275844706099,0.6706448772025418,0.344882389143697,138.0,46.0,99.0,305.0,44.0,80.0,0.6348844110646829
usp0007j1e,1996-06-02 02:52:09.550000+00:00,10.797,-42.254,10.0,7.0,northern Mid-Atlantic Ridge,earthquake,2450236.619554977,254.6549,-18.27215,0.0024292923978,60.29479770071233,0.9652937333214828,0.4783392778790977,0.8384411290173147,275.0,78.0,185.0,183.0,84.0,-11.0,0.8021456250696031
usp0007jcu,1996-06-10 04:03:35.480000+00:00,51.564,-177.632,33.0,7.9,"77 km WSW of Adak, Alaska",earthquake,2450244.669160648,9.95694,4.68844,0.00255472562327,-21.49456936060436,0.7784863158590866,0.7243443844479021,-0.28524753583272777,256.0,21.0,101.0,63.0,69.0,85.0,0.36365683364280466
usp0007jfz,1996-06-10 15:24:56+00:00,51.478,-176.847,26.3,7.3,"46 km SSW of Adak, Alaska",earthquake,2450245.142314815,15.93882,6.59052,0.00256817549476,21.308727403523772,0.7946763960185453,0.7403490480098457,0.2887799534246431,260.0,25.0,105.0,63.0,65.0,82.0,0.7725631863893895
usp0007jkw,1996-06-11 18:22:55.730000+00:00,12.614,125.154,33.0,7.1,"8 km NNE of Palapag, Philippines",earthquake,2450246.265922801,30.11362,10.72188,0.00259863878481,2.5334622141530865,0.7549597992741299,0.7542218837148656,0.03337137464405946,344.0,69.0,93.0,154.0,20.0,80.0,0.6295103239932388
usp0007me1,1996-07-22 14:19:35.770000+00:00,1.0,120.45,33.0,7.0,"220 km NNE of Palu, Indonesia",earthquake,2450287.0969417826,195.48458,-6.03519,0.00262034913814,8.399538797264016,0.7399971506602385,0.7320595777557782,0.1080951321813495,266.0,80.0,96.0,51.0,11.0,56.0,0.7258053320289982
usp0007swp,1996-11-12 16:59:44.030000+00:00,-14.993,-75.675,33.0,7.7,"60 km SW of Changuillo, Peru",earthquake,2450400.208148496,249.29047,-17.44851,0.00250024255248,72.36848071736344,0.8878819628132539,0.26893430543613955,0.8461729842347235,319.0,28.0,68.0,164.0,63.0,101.0,0.9338521793700038
usp0007vrx,1997-01-11 20:28:26.020000+00:00,18.219,-102.756,33.0,7.2,"46 km WNW of El Habillal, Mexico",earthquake,2450460.353078936,330.36893,-9.22924,0.00241419548084,58.46465208069038,0.9828020002585726,0.5140295159428593,0.837659494336333,174.0,17.0,333.0,289.0,82.0,-106.0,0.9967848341207965
usp0007xx2,1997-02-27 21:08:02.360000+00:00,29.976,68.208,33.0,7.1,"29 km ESE of Harnai, Pakistan",earthquake,2450507.3805828704,218.14267,-11.36984,0.00263357273357,35.83471369309274,0.744557473092284,0.6036196401771061,0.4359004023054213,93.0,74.0,85.0,291.0,15.0,106.0,0.8017988045472093
usp00080wt,1997-04-21 12:02:26.430000+00:00,-12.584,166.676,33.0,7.7,"171 km NNW of Sola, Vanuatu",earthquake,2450560.0016947915,195.28768,-4.83123,0.00266210244056,81.94292851367898,0.7346869834334359,0.10297330387859434,0.7274348509075217,301.0,36.0,41.0,175.0,66.0,118.0,0.7871492658425846
usp000820p,1997-05-10 07:57:29.720000+00:00,33.825,59.809,10.0,7.3,"58 km E of Q?’en, Iran",earthquake,2450578.831593981,93.28982,18.31346,0.00260301784383,45.70572378636064,0.776320230855926,0.542138408400904,0.5556609100636223,68.0,82.0,354.0,159.0,84.0,-172.0,0.4418926186338167
usp00084m2,1997-07-09 19:24:13.170000+00:00,10.598,-63.486,19.9,7.0,"26 km WSW of Carúpano, Venezuela",earthquake,2450639.308485764,164.85882,5.70378,0.00270703012482,79.25453305888293,0.6979695222474185,0.13013383988494148,0.6857307326517385,265.0,82.0,193.0,173.0,76.0,-8.0,0.712693812506644
usp00087s6,1997-09-20 16:11:32.150000+00:00,-28.683,-177.624,30.0,7.0,Kermadec Islands region,earthquake,2450712.174677662,50.43144,13.6499,0.00247930855782,44.73569892153976,0.8994551161589823,0.6389379043189327,0.6330701860055477,7.0,60.0,83.0,201.0,30.0,102.0,0.9613859141037118
usp000892b,1997-10-15 01:03:33.460000+00:00,-30.933,-71.22,58.0,7.1,"36 km SW of Monte Patria, Chile",earthquake,2450736.5441372683,6.1741,1.04549,0.00239891188879,41.13312404731967,0.9915779759034501,0.7468398949447377,0.6522706904466244,323.0,10.0,240.0,172.0,80.0,-84.0,1.053828874041346
usp0008a97,1997-11-08 10:02:52.610000+00:00,35.069,87.325,33.0,7.5,western Xizang,earthquake,2450760.9186644675,324.31979,-11.88006,0.00248524659764,29.646344656641393,0.883421667294512,0.7677774527986022,0.43698011993625707,165.0,76.0,167.0,258.0,77.0,14.0,0.35403967073056275
usp0008baj,1997-11-25 12:14:33.630000+00:00,1.241,122.536,24.0,7.0,"97 km NW of Gorontalo, Indonesia",earthquake,2450778.010111458,191.17494,-2.52129,0.00269730248749,-88.6638763471962,0.6425638710250099,0.014983075220652628,-0.6423891622712652,269.0,72.0,92.0,82.0,17.0,83.0,-0.4209682036975475
usp0008btk,1997-12-05 11:26:54.690000+00:00,54.841,162.035,33.0,7.8,"156 km S of Ust’-Kamchatsk Staryy, Russia",earthquake,2450787.977021875,322.09977,-12.68608,0.00249906076562,-9.032658749649716,0.840349571217189,0.8299284063353685,-0.13193271846872914,200.0,18.0,73.0,37.0,71.0,95.0,0.5957643854690357
usp0008f7c,1998-01-30 12:16:08.690000+00:00,-23.913,-70.207,42.0,7.1,"34 km SSE of Antofagasta, Chile",earthquake,2450844.01121169,342.57394,-7.4307,0.00243201307055,-6.277365123387284,0.9138229848636041,0.9083439113053718,-0.09991889941090044,15.0,23.0,115.0,167.0,68.0,79.0,0.6183359252843128
usp0008hzd,1998-03-25 03:12:25.070000+00:00,-62.877,149.527,10.0,8.1,1998 Balleny Islands Earthquake,earthquake,2450897.633623495,324.26455,-12.48877,0.00244728072846,25.39182824229168,0.9223942780546447,0.8332877256601573,0.39552846983759793,7.0,59.0,195.0,269.0,76.0,-31.0,0.5639870693776982
usp0008jd7,1998-04-01 17:56:23.360000+00:00,-0.544,99.261,55.7,7.0,"95 km W of Pariaman, Indonesia",earthquake,2450905.247492593,74.96692,17.4954,0.00249525362181,-32.59426922901807,0.827959110165673,0.6975607508002633,-0.44601041136873265,129.0,70.0,89.0,312.0,19.0,92.0,0.2548239829448114
usp0008mdk,1998-05-03 23:30:21.910000+00:00,22.306,125.308,33.0,7.5,"254 km SSE of Ishigaki, Japan",earthquake,2450937.4794202545,141.62524,13.35012,0.00264767825029,-50.808829152304064,0.6861626064614821,0.4335929288943666,-0.5318047522529481,138.0,84.0,15.0,47.0,74.0,174.0,-0.6170417415964465
usp0008rpa,1998-07-17 08:49:13.280000+00:00,-2.961,141.926,10.0,7.0,"50 km WNW of Aitape, Papua New Guinea",earthquake,2451011.8675148147,33.62927,8.63316,0.00247213706373,-82.96527482471708,0.8313145414705339,0.10181181687010081,-0.825056495523775,297.0,82.0,84.0,154.0,9.0,127.0,-0.3608391502750095
usp0008ssb,1998-08-04 18:59:20.100000+00:00,-0.593,-80.393,33.0,7.2,"3 km E of Bahía de Caráquez, Ecuador",earthquake,2451030.291204861,270.97691,-18.8558,0.00259697707839,-22.713663792309358,0.7406400608427998,0.6832004860493212,-0.28598041119488843,30.0,17.0,123.0,175.0,75.0,80.0,0.38044212650223297
usp0008xw8,1998-11-09 05:38:44.220000+00:00,-6.92,128.946,33.0,7.0,"278 km NE of Lospalos, Timor Leste",earthquake,2451126.735234028,116.46096,18.43089,0.00252754304605,-54.957135404074414,0.7856808880896436,0.4511294072298378,-0.6432547829917679,289.0,37.0,111.0,84.0,56.0,75.0,-0.3409214544231565
usp0008yx2,1998-11-29 14:10:31.960000+00:00,-2.071,124.891,33.0,7.7,"264 km ESE of Luwuk, Indonesia",earthquake,2451147.0906476853,11.08514,0.91339,0.00244500243659,54.59114550818612,0.943707665742565,0.5467909551718408,0.7691578574802098,94.0,63.0,338.0,194.0,71.0,-151.0,0.8783609888054379
usp00093u0,1999-03-04 08:52:01.900000+00:00,5.397,121.937,33.0,7.1,"69 km S of Tabiauan, Philippines",earthquake,2451241.869466435,188.27712,0.48874,0.00265610977513,-42.033157647005645,0.6832069411199304,0.5074570579856611,-0.45744842189583446,174.0,42.0,102.0,337.0,48.0,78.0,-0.20078084375332328
usp00099y6,1999-06-15 20:42:05.930000+00:00,18.386,-97.436,70.0,7.0,"1 km SE of Texcala, Mexico",earthquake,2451345.362568634,114.66324,19.65127,0.00244247315401,87.578606881484,0.9554926519524568,0.04036832588147903,0.9546395163624148,308.0,36.0,272.0,125.0,53.0,-91.0,1.0036140116809285
usp0009d4z,1999-08-17 00:01:39.130000+00:00,40.748,29.864,17.0,7.6,"4 km ESE of Derince, Turkey",earthquake,2451407.501147338,210.39621,-6.88471,0.00266557118328,-44.515959509828306,0.6749407879436906,0.4812700290993571,-0.47320632531777707,178.0,74.0,9.0,85.0,81.0,163.0,-0.5594430304059104
usp0009eq0,1999-09-20 17:47:18.490000+00:00,23.772,120.982,33.0,7.7,"21 km S of Puli, Taiwan",earthquake,2451442.2411862267,301.48111,-19.141,0.00263923690611,-4.613529953868843,0.7163417358708076,0.7140207258311556,-0.057618448729132035,209.0,68.0,89.0,31.0,21.0,92.0,0.5220777286672084
usp0009f7v,1999-09-30 16:31:15.690000+00:00,16.059,-96.931,60.6,7.5,"15 km W of San Baltazar Loxicha, Mexico",earthquake,2451452.1883760416,76.86415,18.75092,0.00246058396305,10.554713412608887,0.895808381458434,0.8806516953423997,0.1640891458376709,298.0,52.0,271.0,115.0,37.0,-92.0,0.6424942282882546
ci9108652,1999-10-16 09:46:44.460000+00:00,34.6033333,-116.265,13.73,7.1,"The 1999 Hector Mine, California Earthquake",earthquake,2451467.907459028,279.86971,-20.54465,0.00269588204823,-48.7204717135652,0.6511350876127266,0.42957543502249573,-0.48932795540993435,64.0,72.0,352.0,156.0,82.0,-162.0,-0.5565368991151947
usp0009hev,1999-11-12 16:57:19.550000+00:00,40.758,31.161,10.0,7.2,"8 km S of Düzce, Turkey",earthquake,2451495.206476273,279.97201,-20.78794,0.00270882381458,8.02218389077175,0.6695279325864242,0.662976005355228,0.09343697788710816,266.0,73.0,204.0,168.0,66.0,-18.0,0.12795377138526698
usp0009hnt,1999-11-15 05:42:43.220000+00:00,-1.339,88.976,10.0,7.0,South Indian Ocean,earthquake,2451497.738000232,312.0455,-18.10632,0.00266172636937,5.6754303435554725,0.7043537444002892,0.7009010508786433,0.06965568266782943,102.0,66.0,182.0,11.0,87.0,-23.0,0.10392639196381243
usp0009huj,1999-11-19 13:56:46.450000+00:00,-6.351,148.763,33.0,7.0,"88 km W of Kandrian, Papua New Guinea",earthquake,2451502.081093171,7.0129,-1.69867,0.00249521531884,40.07612947827599,0.8793855003816315,0.6728967173692433,0.566152687916563,266.0,22.0,91.0,85.0,67.0,89.0,0.9451259356859925
usp0009j4n,1999-11-26 13:21:15.570000+00:00,-16.423,168.214,33.0,7.5,"92 km ESE of Lakatoro, Vanuatu",earthquake,2451509.0564302085,111.16767,20.60444,0.00243022495813,36.92185478214223,0.9505930593882908,0.759956923055766,0.5710452168233292,350.0,55.0,73.0,197.0,38.0,111.0,0.9432701968009329
ak999fmohlzt,1999-12-06 23:12:33.537000+00:00,57.3424,-154.3469,43.6,7.0,"26 km SSE of Karluk, Alaska",earthquake,2451519.467054826,242.72578,-16.5318,0.00271331358777,12.070787829024411,0.6683593075834813,0.653581872192903,0.13976730795965983,355.0,64.0,176.0,87.0,86.0,25.0,0.20166724292630106
usp0009jr8,1999-12-11 18:03:36.450000+00:00,15.766,119.74,33.0,7.3,"14 km WNW of Bolitoc, Philippines",earthquake,2451524.2525052084,302.6702,-19.69386,0.0026930027804,-78.09639255615697,0.6462964198907687,0.13330884398070872,-0.6323984617945808,106.0,21.0,183.0,12.0,88.0,-68.0,-0.35744418973035885
usp0009nxg,2000-02-25 01:43:58.640000+00:00,-19.528,173.818,33.0,7.1,Vanuatu region,earthquake,2451599.5722064814,221.61083,-10.66966,0.00264435870116,-35.03035497207485,0.6954273247251685,0.5694493100679181,-0.399182473610224,314.0,84.0,169.0,45.0,79.0,5.0,-0.5372541281276204
usp0009sbh,2000-05-04 04:21:16.210000+00:00,-1.105,123.573,26.0,7.6,"89 km E of Luwuk, Indonesia",earthquake,2451668.681437616,43.1053,11.46205,0.00245103707027,74.78826732834138,0.9440258333529356,0.247699901661031,0.9109497970551506,226.0,87.0,190.0,136.0,79.0,-2.0,0.9137438364589907
usp0009txv,2000-06-04 16:28:26.170000+00:00,-4.721,102.087,33.0,7.9,"103 km S of Bengkulu, Indonesia",earthquake,2451700.186414005,106.17574,21.68254,0.0024079798646,-45.259174089891516,0.912011289617261,0.6419656605211063,-0.6477998788985988,331.0,4.0,94.0,146.0,85.0,89.0,0.31881237651544825
usp0009ut0,2000-06-18 14:44:13.310000+00:00,-13.802,97.453,10.0,7.9,South Indian Ocean,earthquake,2451714.11404294,287.1388,-21.69652,0.00271459534024,30.47955884947777,0.6767919684440212,0.5832662066039538,0.34328982039111927,345.0,87.0,12.0,254.0,77.0,177.0,0.2692601828840188
usp000a18v,2000-10-04 16:58:44.310000+00:00,-15.421,166.91,23.0,7.0,"29 km WNW of Luganville, Vanuatu",earthquake,2451822.207457292,273.88643,-21.88481,0.00269114323626,-49.064519925562486,0.6544092097188691,0.4287746376495431,-0.49437205005276924,328.0,38.0,84.0,155.0,51.0,94.0,-0.22790700744228254
usp000a2mw,2000-10-29 08:37:08.770000+00:00,-4.766,153.945,50.0,7.0,"191 km ESE of Kokopo, Papua New Guinea",earthquake,2451846.859129282,239.1505,-16.60648,0.00262428067836,8.037888444294373,0.7364255647081324,0.7291907874832142,0.10297284984548906,322.0,61.0,93.0,135.0,28.0,84.0,0.5916141918175197
usp000a3qq,2000-11-16 04:54:56.740000+00:00,-3.98,152.169,33.0,8.0,2000 New Ireland Earthquake,earthquake,2451864.7048233794,113.83426,22.10718,0.0024520681438,-68.63093552609458,0.8544127295404289,0.3113258088649927,-0.7956741500986972,147.0,68.0,6.0,54.0,83.0,158.0,-0.8557999432971508
usp000a3sp,2000-11-16 07:42:16.930000+00:00,-5.233,153.102,30.0,7.8,"135 km SE of Kokopo, Papua New Guinea",earthquake,2451864.821029282,115.63683,21.97636,0.0024530696941,-58.09619519502517,0.8570206350823779,0.45293087259213316,-0.7275561790060828,253.0,15.0,93.0,70.0,75.0,89.0,-0.0788047438763742
usp000a45f,2000-11-17 21:01:56.490000+00:00,-5.496,151.781,33.0,7.8,"138 km SSW of Kokopo, Papua New Guinea",earthquake,2451866.376348264,139.06202,18.48041,0.00247279069525,54.75501298402728,0.9118865455375431,0.5262257768690008,0.74473049064142,242.0,26.0,74.0,79.0,64.0,97.0,0.974907808014255
usp000a5m7,2000-12-06 17:11:06.400000+00:00,39.566,54.799,30.0,7.0,"37 km E of Balkanabat, Turkmenistan",earthquake,2451885.2160462965,15.22047,0.83892,0.00258296582216,48.84852597914048,0.7961882688926653,0.5239332628919637,0.5995078778111923,321.0,37.0,132.0,92.0,62.0,62.0,0.8446155044195063
usp000a70h,2001-01-01 06:57:04.170000+00:00,6.898,126.579,33.0,7.5,"21 km SE of Lukatan, Philippines",earthquake,2451910.789631597,354.78096,-7.56461,0.00267200580219,62.511090229798896,0.7228695115467585,0.3336598782634743,0.6412576832764288,170.0,46.0,56.0,33.0,52.0,119.0,0.7752378760149646
usp000a7m5,2001-01-13 17:33:32.380000+00:00,13.049,-88.66,60.0,7.7,"28 km SSW of Puerto El Triunfo, El Salvador",earthquake,2451923.2316247686,170.62464,9.14182,0.00245279804932,-24.84896233954267,0.8766511991337146,0.7954896937938263,-0.36839309441191226,306.0,55.0,272.0,122.0,34.0,-93.0,0.15339047733625016
usp000a8ds,2001-01-26 03:16:40.500000+00:00,23.419,70.232,16.0,7.7,"17 km NW of Bhach?u, India",earthquake,2451935.636579861,326.83101,-16.7736,0.00271389353823,-0.41760524553255324,0.661152966875047,0.6611354055751917,-0.004818827928423835,74.0,50.0,64.0,290.0,45.0,117.0,0.27572560087105846
usp000a9kc,2001-02-13 19:28:30.260000+00:00,-4.68,102.562,36.0,7.4,"102 km SSE of Bengkulu, Indonesia",earthquake,2451954.3114613425,218.40307,-10.1036,0.00255819531466,49.5395038333479,0.8200859117661523,0.5321731148153104,0.6239652863301707,308.0,13.0,93.0,124.0,76.0,89.0,0.8541992786711394
usp000aa8b,2001-02-24 07:23:48.730000+00:00,1.271,126.249,35.0,7.1,"137 km WNW of Ternate, Indonesia",earthquake,2451964.808202893,349.1961,-9.54516,0.00269028401774,45.94361750888019,0.7023979560862872,0.4884235922328128,0.5047824118019455,195.0,46.0,77.0,32.0,44.0,102.0,0.7115228739944998
official20010623203314130_33,2001-06-23 20:33:14.130000+00:00,-16.265,-73.641,33.0,8.4,"6 km SSW of Atico, Peru",earthquake,2452084.356413542,127.6692,21.53392,0.00242760231914,47.15861234829286,0.9603656658682015,0.6530209340453035,0.7041774434594403,155.0,74.0,95.0,315.0,16.0,70.0,1.020582355079923
usp000aj40,2001-07-07 09:38:43.520000+00:00,-17.543,-72.077,33.0,7.6,"51 km SW of Punta de Bombón, Peru",earthquake,2452097.9018925927,308.02184,-21.47317,0.00269859067424,42.2468376530685,0.6943221859171567,0.5139756339757032,0.4668108241419136,159.0,76.0,94.0,319.0,14.0,70.0,0.7430811557118082
usp000amsn,2001-08-21 06:52:06.250000+00:00,-36.813,-179.575,33.0,7.1,"295 km NE of Gisborne, New Zealand",earthquake,2452142.786183449,181.1867,5.01792,0.00241404840366,10.268498323100037,0.9486694207355678,0.9334747686623736,0.16911098754807766,189.0,82.0,80.0,63.0,12.0,143.0,0.9367703323654533
usp000aqsu,2001-10-12 15:02:16.840000+00:00,12.686,144.98,37.0,7.0,"69 km SSE of Inarajan Village, Guam",earthquake,2452195.1265837965,145.21805,18.07488,0.00244386913149,-18.443361262171216,0.8909527654864563,0.8451906318620938,-0.2818681006082793,132.0,31.0,39.0,7.0,70.0,114.0,0.30853157860862385
usp000ar78,2001-10-19 03:28:44.460000+00:00,-4.102,123.907,33.0,7.5,"155 km E of Kendari, Indonesia",earthquake,2452201.644959028,235.29522,-16.84235,0.00250497503306,56.00277368648492,0.8772434823566159,0.49051312236839006,0.7272915537262722,88.0,74.0,352.0,180.0,82.0,-164.0,0.7259041503754178
usp000arz5,2001-10-31 09:10:20+00:00,-5.912,150.196,33.0,7.0,"40 km S of Kimbe, Papua New Guinea",earthquake,2452213.882175926,27.67685,6.65377,0.00264588819898,27.825716588110467,0.7298977966870208,0.6455008483841569,0.34070434153955437,259.0,23.0,86.0,82.0,66.0,91.0,0.7518715457160503
usp000asvm,2001-11-14 09:26:10.010000+00:00,35.946,90.541,10.0,7.8,"Southern Qinghai, China",earthquake,2452227.893171412,219.29589,-11.36569,0.00248014879227,10.749902275187383,0.8750017148360912,0.8596460611222093,0.16320738513673683,187.0,45.0,180.0,96.0,89.0,-44.0,0.5262840038217673
usp000aufx,2001-12-12 14:02:35.040000+00:00,-42.813,124.688,10.0,7.1,south of Australia,earthquake,2452256.085127778,230.75032,-15.44142,0.00252424476039,-32.302689588621085,0.7999435921604203,0.6761417209234959,-0.4274834778855556,76.0,80.0,169.0,168.0,79.0,9.0,-0.58873019429643
usp000avpw,2002-01-02 17:22:48.760000+00:00,-17.6,167.856,21.0,7.2,"50 km WNW of Port-Vila, Vanuatu",earthquake,2452277.224175463,150.05364,17.02693,0.00244311886865,49.20499292856969,0.9431773691963802,0.6162293054676764,0.7140343078921558,187.0,78.0,112.0,302.0,24.0,27.0,1.0140413041112595
usp000azqw,2002-03-05 21:16:09.130000+00:00,6.033,124.249,31.0,7.5,"Mindanao, Philippines",earthquake,2452339.3862167825,251.69065,-21.45802,0.00255643545037,61.621521377778414,0.8267248168870589,0.39293714909637706,0.7273749512575702,309.0,29.0,58.0,164.0,64.0,106.0,0.8745796508888771
usp000b1e2,2002-03-31 06:52:50.490000+00:00,24.279,122.179,32.8,7.1,"67 km ENE of Hualien City, Taiwan",earthquake,2452364.786695486,224.08609,-13.78488,0.00244083264841,-76.28728113097087,0.8642582772834075,0.20487571803227383,-0.8396239098630074,286.0,34.0,111.0,81.0,57.0,75.0,-0.6239199903104571
usp000bbpf,2002-09-08 18:44:23.710000+00:00,-3.302,142.945,13.0,7.6,"68 km ESE of Aitape, Papua New Guinea",earthquake,2452526.280829977,190.32684,0.4326,0.0024006573584,-49.24600899898066,0.9178510548125338,0.5991846599920582,-0.695290084821208,127.0,26.0,80.0,317.0,64.0,94.0,-0.12128664889040996
usp000be54,2002-10-10 10:50:20.570000+00:00,-1.757,134.297,10.0,7.6,"102 km SSE of Manokwari, Indonesia",earthquake,2452557.951626968,250.66425,-22.44671,0.00247354700321,22.75132007175521,0.8911685795479556,0.8218285897494176,0.3446435930697163,59.0,75.0,328.0,157.0,59.0,-163.0,0.5079142246621822
usp000bfuz,2002-11-02 01:26:10.700000+00:00,2.824,96.085,30.0,7.4,"50 km NW of Sinabang, Indonesia",earthquake,2452580.559846065,181.89433,4.48902,0.00241719615629,66.44677454903932,0.9823964641438714,0.3925664211369262,0.9005522848553138,301.0,11.0,78.0,133.0,78.0,92.0,0.8837911832435562
ak002e435qpj,2002-11-03 22:12:41.518000+00:00,63.5141,-147.4529,4.2,7.9,"2002 Denali Fault, Alaska Earthquake",earthquake,2452582.4254805325,207.3301,-7.60747,0.00239412333892,16.063327916466346,0.9778556959658568,0.9396767403627952,0.2705723299859427,209.0,73.0,24.0,112.0,66.0,162.0,0.33002679133274365
usp000bnvq,2003-01-20 08:43:06.070000+00:00,-10.491,160.77,33.0,7.3,"126 km W of Kirakira, Solomon Islands",earthquake,2452659.863264699,148.26132,18.12443,0.0025010189335,-11.185651982246723,0.8367855168466504,0.8208897423451796,-0.16232692973373353,299.0,42.0,48.0,169.0,59.0,121.0,0.23345609982360538
usp000bnyr,2003-01-22 02:06:34.610000+00:00,18.77,-104.104,24.0,7.6,"16 km SSW of Cuyutlán, Mexico",earthquake,2452661.5879005785,171.45252,9.12073,0.00247945391068,-28.082562639257652,0.8465658158487851,0.7468997684801645,-0.39851526496232964,292.0,20.0,78.0,124.0,69.0,94.0,0.3135813050191764
usp000bsvs,2003-03-17 16:36:17.310000+00:00,51.272,177.978,33.0,7.1,"Rat Islands, Aleutian Islands, Alaska",earthquake,2452716.191867014,169.24667,9.93945,0.00243083887181,17.635348747563015,0.9351184879408636,0.8911716021401797,0.2833015390493183,61.0,72.0,74.0,284.0,23.0,130.0,0.8960512974459577
usp000by66,2003-05-26 09:24:33.400000+00:00,38.849,141.568,68.0,7.0,"27 km SSW of ?funato, Japan",earthquake,2452785.892053241,13.13389,1.43341,0.00270086986152,-43.35798406718364,0.6496998836040313,0.4723827051268757,-0.4460543897913202,353.0,20.0,73.0,190.0,70.0,95.0,0.059047588239889315
usp000by7n,2003-05-26 19:23:27.940000+00:00,2.354,128.855,31.0,7.0,"116 km NE of Tobelo, Indonesia",earthquake,2452786.3079622686,17.56236,3.62788,0.00270590759348,15.311798783657869,0.6755685521520911,0.6515879352883415,0.17839851805311827,330.0,34.0,67.0,177.0,57.0,104.0,0.5533643554441107
usp000c2ka,2003-07-15 20:27:50.530000+00:00,-2.598,68.382,10.0,7.6,Carlsberg Ridge,earthquake,2452836.352668172,323.5428,-19.76909,0.00253663946254,67.07876839624156,0.8483970188318252,0.3304211817789394,0.7814085641932378,301.0,67.0,342.0,38.0,74.0,-156.0,0.8488627565373834
usp000c41f,2003-08-04 04:37:20.130000+00:00,-60.532,-43.411,10.0,7.6,Scotia Sea,earthquake,2452855.692594097,205.66251,-7.96013,0.00247995403532,-12.999189757284807,0.8567511272131554,0.8347953766752151,-0.1927152642182194,100.0,52.0,326.0,212.0,63.0,-137.0,0.051499613503741215
usp000c5h6,2003-08-21 12:12:49.790000+00:00,-45.104,167.144,28.0,7.2,"56 km NW of Te Anau, New Zealand",earthquake,2452873.0089096064,72.50773,24.15166,0.00268551276227,-33.403873087017274,0.6649956780862859,0.5551454741989295,-0.36610484065344573,209.0,72.0,90.0,29.0,17.0,89.0,0.21888290927524406
official20030925195006360_27,2003-09-25 19:50:06.360000+00:00,41.815,143.91,27.0,8.16,2003 Tokachi-Oki Earthquake,earthquake,2452908.3264625,179.94771,4.50606,0.00245444352141,-1.2178693239634957,0.8931025998191967,0.8929008509429059,-0.018982207175210413,245.0,15.0,125.0,29.0,77.0,80.0,0.7577889756011018
usp000c8mb,2003-09-25 21:08:00.030000+00:00,41.774,143.593,33.0,7.4,"119 km ESE of Shizunai-furukawach?, Japan",earthquake,2452908.3805559026,180.65002,4.15549,0.00245318505185,12.342146109172845,0.9054670859851576,0.884540480710314,0.1935427130822018,208.0,18.0,86.0,33.0,72.0,91.0,0.8653487826687061
usp000c8sz,2003-09-27 11:33:25.080000+00:00,50.038,87.813,16.0,7.3,"29 km S of Aktash, Russia",earthquake,2452909.9815402776,201.63765,-6.40346,0.00242838886077,9.419120261735591,0.9312293463906257,0.9186741425688065,0.15240050969265223,227.0,64.0,19.0,128.0,72.0,153.0,0.23614056271822342
usp000cbpa,2003-10-31 01:06:28.280000+00:00,37.812,142.619,10.0,7.0,"133 km ESE of Ishinomaki, Japan",earthquake,2452943.546160648,295.39306,-26.13753,0.00249846259573,-21.9983557968845,0.8316451936872394,0.7710969361788307,-0.3115176450840407,194.0,13.0,82.0,22.0,76.0,91.0,0.4904605342250777
usp000cd1n,2003-11-17 06:43:06.800000+00:00,51.146,178.65,33.0,7.8,"Rat Islands, Aleutian Islands, Alaska",earthquake,2452960.779939815,149.79544,17.92374,0.0025867173725,-21.649036450102212,0.749983579048135,0.6970805525593111,-0.27668406547081026,68.0,72.0,78.0,282.0,20.0,122.0,0.361044501561958
usp000cg90,2003-12-27 16:00:59.450000+00:00,-22.015,169.766,10.0,7.3,"201 km ESE of Tadine, New Caledonia",earthquake,2453001.1673547453,336.52282,-15.18267,0.00253487065556,-51.92409696176439,0.7800492763569227,0.48106017842466314,-0.6140504688370411,317.0,24.0,81.0,146.0,65.0,93.0,-0.11293761298502175
usp000cgz9,2004-01-03 16:23:21.020000+00:00,-22.253,169.683,22.0,7.1,"202 km ESE of Tadine, New Caledonia",earthquake,2453008.182882176,56.74667,20.83546,0.0027120893613,-18.611547822558286,0.6528320198895139,0.6186915853210988,-0.2083515501403535,303.0,54.0,264.0,132.0,35.0,-82.0,0.17708153208761268
usp000ckg7,2004-02-05 21:05:02.840000+00:00,-3.615,135.538,16.6,7.0,"28 km S of Nabire, Indonesia",earthquake,2453041.3785050926,134.50955,22.36115,0.00262415135673,-4.6873258185345446,0.7286768635036867,0.7262397948000581,-0.0595460481840735,146.0,84.0,231.0,49.0,38.0,-9.0,0.338008244200509
usp000ckks,2004-02-07 02:42:35.210000+00:00,-4.003,135.023,10.0,7.3,"Near the south coast of Papua, Indonesia",earthquake,2453042.612907524,150.47145,17.28947,0.00259472331725,-68.05126131018145,0.7229895941769399,0.2702368179255295,-0.6705863222029066,170.0,86.0,182.0,80.0,87.0,-3.0,-0.7766445488500666
usp000d3ka,2004-09-05 10:07:07.820000+00:00,33.07,136.618,14.0,7.2,"94 km SE of Shing?, Japan",earthquake,2453253.921618287,57.0717,22.3491,0.00267286598487,-25.55744192736845,0.6781170897869773,0.6117655171709661,-0.2925504049932248,97.0,35.0,102.0,262.0,55.0,81.0,0.09711393625537998
usp000d3mb,2004-09-05 14:57:18.610000+00:00,33.184,137.071,10.0,7.4,"118 km ESE of Shing?, Japan",earthquake,2453254.1231320603,59.60039,23.04508,0.00267719490206,25.068182931245843,0.7029697037998014,0.6367529261044438,0.2978457915731046,71.0,39.0,62.0,284.0,55.0,110.0,0.6145896164332385
usp000d63h,2004-10-09 21:26:53.690000+00:00,11.422,-86.665,35.0,7.0,"43 km SSW of Masachapa, Nicaragua",earthquake,2453288.393676968,149.43707,17.57674,0.00263882234713,-10.837540306864472,0.7129321737986763,0.7002165061068767,-0.13404897990206566,302.0,23.0,95.0,117.0,66.0,87.0,0.43337993426165766
usp000d85g,2004-11-11 21:26:41.150000+00:00,-8.152,124.868,10.0,7.5,"63 km NW of Maubara, Timor Leste",earthquake,2453321.3935318287,217.57925,-15.59736,0.00245871433634,11.026268758057729,0.8983243767324779,0.8817409483982694,0.17181264723388467,247.0,71.0,86.0,80.0,18.0,101.0,0.8480507425192042
usp000d8gx,2004-11-15 09:06:56.560000+00:00,4.695,-77.508,15.0,7.2,"32 km SSW of Pizarro, Colombia",earthquake,2453324.8798212963,271.72188,-27.95006,0.00242519077562,-59.09173580062334,0.8859570978255478,0.4550851631472244,-0.7601430611869922,188.0,75.0,88.0,14.0,14.0,95.0,-0.08139151297830582
usp000d8ze,2004-11-22 20:26:23.900000+00:00,-46.676,164.721,10.0,7.1,"255 km W of Riverton, New Zealand",earthquake,2453332.3516655094,14.58188,4.59698,0.00259857262149,-44.80043447837126,0.7277216184175257,0.5163660763270308,-0.5127814633260936,216.0,54.0,91.0,33.0,35.0,87.0,-0.15762559648440294
usp000d975,2004-11-26 02:25:03.310000+00:00,-3.609,135.404,10.0,7.1,"29 km SSW of Nabire, Indonesia",earthquake,2453335.6007327545,52.99081,21.27569,0.00266781301111,-72.18056602074583,0.6652172059270548,0.2035685967214346,-0.6333038429460723,96.0,89.0,237.0,4.0,32.0,-1.0,-0.42094276132102526
usp000d9h1,2004-11-28 18:32:14.130000+00:00,43.006,145.119,39.0,7.0,"51 km SW of Nemuro, Japan",earthquake,2453338.272385764,87.88158,27.73972,0.00270529665055,51.55983681314898,0.6926850670408428,0.4306402149262796,0.542551018236649,24.0,68.0,74.0,240.0,26.0,122.0,0.7444401253822843
usp000db93,2004-12-23 14:59:04.410000+00:00,-49.312,161.345,10.0,8.1,2004 Tasman Sea Earthquake,earthquake,2453363.124356597,56.35721,22.35422,0.00268079741151,-1.316469796799711,0.6854738399696376,0.6852929067473489,-0.01574856325160245,161.0,68.0,358.0,251.0,88.0,-158.0,-0.014403386057262102
official20041226005853450_30,2004-12-26 00:58:53.450000+00:00,3.295,95.982,30.0,9.1,2004 Sumatra - Andaman Islands Earthquake,earthquake,2453365.540896412,87.87918,27.70422,0.00271057400206,-23.338205427534987,0.6515438877563755,0.5982361457334163,-0.2581142220233497,335.0,7.0,113.0,131.0,83.0,87.0,0.4306820038449526
usp000dbg6,2004-12-26 04:21:29.810000+00:00,6.91,92.958,39.2,7.2,"284 km WNW of Sabang, Indonesia",earthquake,2453365.681595024,89.76649,27.79356,0.00271157307892,-52.348393412210534,0.6388803935238807,0.39026554151642107,-0.5058270102852588,351.0,27.0,121.0,137.0,67.0,75.0,-0.13306031932373885
official20050328160936530_30,2005-03-28 16:09:36.530000+00:00,2.085,97.108,30.0,8.6,"78 km WSW of Singkil, Indonesia",earthquake,2453458.1733394675,218.96699,-17.08382,0.00254255186579,33.20611163018517,0.8266836295626445,0.6916910712695592,0.45273533693852214,329.0,10.0,107.0,131.0,80.0,87.0,0.8900979462384616
usp000dt25,2005-06-15 02:50:54.190000+00:00,41.292,-125.953,16.0,7.2,"153 km W of Big Lagoon, California",earthquake,2453536.6186827547,176.04656,4.11831,0.00265458863667,52.05005611109664,0.7340250905589535,0.45140546494216205,0.5788142532716609,317.0,83.0,171.0,48.0,81.0,6.0,0.5001828951367293
usp000dvtc,2005-07-24 15:42:06.210000+00:00,7.92,92.19,16.0,7.2,"Nicobar Islands, India region",earthquake,2453576.1542385416,348.93924,-7.46725,0.0024352987048,8.931405325912008,0.9228553911860997,0.9116656925310506,0.14327504354607284,117.0,67.0,175.0,209.0,85.0,22.0,0.17481726770966027
usp000dxe2,2005-08-16 02:46:28.400000+00:00,38.276,142.039,36.0,7.2,"66 km ESE of Ishinomaki, Japan",earthquake,2453598.6156064817,272.34895,-28.4082,0.00244554515915,-43.77050043922973,0.8720101174409117,0.6296928872934541,-0.6032317238104656,197.0,20.0,85.0,22.0,69.0,91.0,0.07251233849401828
usp000e12e,2005-10-08 03:50:40.800000+00:00,34.539,73.588,26.0,7.6,"21 km NNE of Muzaffar?b?d, Pakistan",earthquake,2453651.6601944445,249.02511,-26.55593,0.00254221858716,-24.063706833337317,0.7884050606110184,0.7198868621182696,-0.3214738641733962,327.0,30.0,110.0,124.0,61.0,78.0,0.20736419272397133
usp000e462,2005-11-14 21:38:51.420000+00:00,38.107,144.896,11.0,7.0,"293 km ESE of Kamaishi, Japan",earthquake,2453689.401984028,35.15718,16.34608,0.00252368562446,-18.101404639733488,0.8096003068400494,0.7695316614986536,-0.2515425983538844,189.0,57.0,269.0,11.0,32.0,-88.0,0.2708586424223156
usp000e7dd,2006-01-02 06:10:49.760000+00:00,-60.957,-21.606,13.0,7.4,east of the South Sandwich Islands,earthquake,2453737.75752037,314.77231,-21.50614,0.00241876306975,-3.0540246483701825,0.931542095527491,0.930219066198367,-0.04963027927371839,357.0,69.0,183.0,265.0,86.0,-20.0,-0.06746124350047372
usp000eamh,2006-02-22 22:19:07.800000+00:00,-21.324,33.583,11.0,7.0,"160 km SE of Chipinge, Zimbabwe",earthquake,2453789.429951389,263.40451,-28.44131,0.00251354639346,-1.1661808986259588,0.8315827959759859,0.8314105507912501,-0.01692461509837775,168.0,61.0,279.0,329.0,30.0,-106.0,0.5394153816024087
usp000ef1h,2006-04-20 23:25:02.150000+00:00,60.949,167.089,22.0,7.6,"80 km NE of Tilichiki, Russia",earthquake,2453846.4757193285,301.63412,-25.13706,0.00249829537962,-11.843235098582202,0.8390895354604999,0.8212276673790799,-0.172210240260075,207.0,44.0,79.0,42.0,46.0,100.0,0.19337432019268813
usp000eg5g,2006-05-03 15:26:40.290000+00:00,-20.187,-174.123,55.0,8.0,2006 Tonga Earthquake,earthquake,2453859.143521875,118.3149,25.79233,0.0026504152425,-71.53337168550914,0.678547670558459,0.21493150511024423,-0.6436081022884625,221.0,18.0,117.0,13.0,73.0,81.0,-0.26588389976330207
usp000ensm,2006-07-17 08:19:26.680000+00:00,-9.284,107.419,20.0,7.7,"226 km SSW of Singaparna, Indonesia",earthquake,2453933.846836574,16.47377,9.01017,0.00247967892995,-61.59064460578129,0.8287423349674079,0.3942889455583301,-0.7289376414877554,284.0,9.0,86.0,107.0,81.0,90.0,-0.03725381155553842
usp000erc2,2006-08-20 03:41:48.040000+00:00,-61.029,-34.371,13.0,7.0,Scotia Sea,earthquake,2453967.6540282406,108.06522,27.32622,0.00264192914296,-38.198676017830216,0.6958359535805702,0.5468374240510717,-0.4302981593646082,272.0,87.0,346.0,2.0,76.0,-177.0,-0.5391015436090578
usp000exfn,2006-11-15 11:14:13.570000+00:00,46.592,153.266,10.0,8.3,2006 Kuril Islands Earthquake,earthquake,2454054.968212616,173.19582,3.04547,0.00270735863627,-37.143171597550676,0.6474134643215987,0.5160721725911888,-0.39091393741065866,208.0,15.0,83.0,35.0,74.0,91.0,0.1928461977709101
usp000f114,2006-12-26 12:26:21.140000+00:00,21.799,120.547,10.0,7.1,"30 km SW of Hengchun, Taiwan",earthquake,2454096.0183002315,350.92605,-3.80682,0.00247943356241,33.1518233701164,0.8921436131971636,0.7469244290270016,0.4878771606574528,319.0,69.0,257.0,170.0,23.0,-60.0,0.9410750233189189
usp000f2ab,2007-01-13 04:23:21.160000+00:00,46.243,154.524,10.0,8.1,2007 Kuril Islands Earthquake,earthquake,2454113.6828837963,216.76905,-18.85114,0.00267555777342,-31.989475542537075,0.6729901896874402,0.570793547646472,-0.3565256251389111,83.0,45.0,301.0,221.0,52.0,-118.0,-0.11077516916448765
usp000f34b,2007-01-21 11:27:45.060000+00:00,1.065,126.282,22.0,7.5,"126 km WNW of Ternate, Indonesia",earthquake,2454121.977604861,334.01467,-12.21548,0.00245678321446,4.095221942899136,0.8948722600664348,0.8925874201633544,0.0639066444318308,190.0,69.0,78.0,40.0,23.0,117.0,0.7306272422524134
usp000f7b4,2007-03-25 00:40:01.610000+00:00,-20.617,169.357,34.0,7.1,"119 km S of Isangel, Vanuatu",earthquake,2454184.527796412,84.03103,28.53691,0.00252425233238,-4.597413819822684,0.8186711675868211,0.8160370909835135,-0.06561971332712221,326.0,34.0,73.0,166.0,57.0,100.0,0.43554198776539105
usp000f83m,2007-04-01 20:39:58.710000+00:00,-8.466,157.043,24.0,8.1,2007 Solomon Islands Earthquake,earthquake,2454192.3610961805,181.55313,-2.2828,0.00271131913337,-25.330273418225108,0.6500339741200153,0.5875375107631694,-0.278107606793628,322.0,29.0,101.0,129.0,60.0,83.0,0.1678097499275958
usp000fjta,2007-08-15 23:40:57.890000+00:00,-13.386,-76.603,39.0,8.0,"41 km SW of San Vicente de Cañete, Peru",earthquake,2454328.4867811343,177.12399,-0.79088,0.00266907152449,23.245149949962084,0.708444682140875,0.6509364170385109,0.2795990855255989,324.0,14.0,63.0,171.0,77.0,96.0,0.7447691746407047
usp000fm6b,2007-09-02 01:05:18.150000+00:00,-11.61,165.762,35.0,7.2,"97 km S of Lata, Solomon Islands",earthquake,2454345.545348958,37.70129,19.8869,0.0024502908174,-37.5083973668829,0.8707155857601896,0.6907074247763018,-0.5301593011959702,338.0,17.0,90.0,158.0,72.0,89.0,0.22194834926797935
official20070912111026830_34,2007-09-12 11:10:26.830000+00:00,-4.438,101.367,34.0,8.4,"122 km SW of Bengkulu, Indonesia",earthquake,2454355.9655883103,178.93267,-1.76016,0.00267847053207,8.178123252699807,0.6926182218249105,0.6855747222135737,0.09852563862103135,323.0,11.0,103.0,130.0,79.0,87.0,0.6781390101878643
usp000fn2b,2007-09-12 23:49:03.720000+00:00,-2.625,100.841,35.0,7.9,"87 km SW of Sungai Penuh, Indonesia",earthquake,2454356.4924041666,184.57553,-4.77658,0.00268708008402,-5.618534811137096,0.6782030563436571,0.6749448199792699,-0.06639936458301807,320.0,19.0,104.0,124.0,71.0,84.0,0.503546397401594
usp000fn3d,2007-09-13 03:35:28.720000+00:00,-2.13,99.627,22.0,7.0,"153 km SSW of Padang, Indonesia",earthquake,2454356.649637963,186.26048,-5.66526,0.00268946148384,48.24590501195274,0.7040068007914095,0.4688227588774578,0.5251959599226602,312.0,10.0,90.0,132.0,80.0,90.0,0.7272223432715661
usp000fpgq,2007-09-30 05:23:34.070000+00:00,-49.271,164.115,10.0,7.4,"Auckland Islands, New Zealand region",earthquake,2454373.724699884,50.52795,23.76349,0.00242748360806,-59.32611357174666,0.8833731078073117,0.45065364951183373,-0.7597758457458448,203.0,60.0,98.0,6.0,30.0,75.0,-0.34293521742895583
usp000fshy,2007-11-14 15:40:50.530000+00:00,-22.247,-69.89,40.0,7.7,"36 km ESE of Tocopilla, Chile",earthquake,2454419.153362616,285.02843,-26.57009,0.00265950600004,29.19444625361448,0.7193221485535406,0.6279461970748962,0.3508673922992242,6.0,17.0,111.0,164.0,73.0,83.0,0.7638686147118299
usp000fuse,2007-12-19 09:30:27.930000+00:00,51.36,-179.509,34.0,7.2,"207 km WSW of Adak, Alaska",earthquake,2454453.8961565974,19.34028,12.52889,0.00245562118174,42.98668135175494,0.9249440848868479,0.6766078965504231,0.6306530856919519,269.0,25.0,111.0,66.0,66.0,80.0,0.9939880959951324
usp000fzau,2008-02-20 08:08:30.520000+00:00,2.768,95.964,26.0,7.4,"56 km NW of Sinabang, Indonesia",earthquake,2454516.8392421296,143.59631,15.07219,0.00254525926102,-43.62329331259258,0.7745368465679717,0.5606805933684277,-0.5343637327808518,296.0,9.0,69.0,136.0,81.0,93.0,0.22398694131885716
usp000fzx4,2008-02-25 08:36:33.030000+00:00,-2.486,99.972,25.0,7.2,"164 km WSW of Sungai Penuh, Indonesia",earthquake,2454521.858715625,201.57235,-13.84938,0.00267427781203,-73.75209249055455,0.6602888324124915,0.1847448218873777,-0.6339169448708973,331.0,9.0,116.0,125.0,81.0,85.0,-0.17870128468156027
usp000g1w2,2008-03-20 22:32:57.930000+00:00,35.49,81.467,10.0,7.2,"226 km SE of Hotan, China",earthquake,2454546.439559375,170.76022,1.72962,0.00261955537639,18.168159704082623,0.7467084854297121,0.7094816885491231,0.23282889817679378,1.0,47.0,258.0,198.0,44.0,-77.0,0.5419492389839232
usp000g3eq,2008-04-09 12:46:12.720000+00:00,-20.071,168.892,33.0,7.3,"71 km SW of Isangel, Vanuatu",earthquake,2454566.0320916665,64.11029,26.39245,0.00242880416344,-48.450177233392,0.8872840476671506,0.588509837939292,-0.6640249633058012,338.0,26.0,93.0,155.0,63.0,88.0,-0.10406321259956713
usp000g3q9,2008-04-12 00:30:12.600000+00:00,-55.664,158.453,16.0,7.1,Macquarie Island region,earthquake,2454568.5209791665,104.18512,26.31518,0.00248883293314,-26.58862096208442,0.838152836426819,0.7495124283622052,-0.3751417024817585,200.0,59.0,108.0,346.0,35.0,60.0,0.10391189301803644
usp000g650,2008-05-12 06:28:01.570000+00:00,31.002,103.322,19.0,7.9,"58 km W of Tianpeng, China",earthquake,2454598.769462616,145.49659,13.8053,0.00255706981719,18.957138774866376,0.8035882793574662,0.7600031446529949,0.2610542909784324,337.0,76.0,63.0,222.0,29.0,151.0,0.7352219161054723
usp000gazv,2008-06-30 06:17:43.020000+00:00,-58.227,-22.099,8.0,7.0,South Sandwich Islands region,earthquake,2454647.762303472,55.33511,24.84673,0.00241786170631,-9.70506770038679,0.9271272410232672,0.9138587176210388,-0.15629192325723623,54.0,66.0,3.0,323.0,87.0,156.0,-0.1304484025532576
usp000gcjg,2008-07-19 02:39:28.700000+00:00,37.552,142.214,22.0,7.0,"107 km E of Namie, Japan",earthquake,2454666.610748843,308.19724,-20.02477,0.00264953585766,-71.0798504803447,0.6791274228692925,0.22020714371906377,-0.6424351098345874,198.0,13.0,84.0,23.0,76.0,91.0,-0.20015535391048783
usp000ghyg,2008-09-29 15:19:31.590000+00:00,-29.756,-177.683,36.0,7.0,"Kermadec Islands, New Zealand",earthquake,2454739.1385600693,187.82148,-7.80953,0.00260675403096,-27.532959374740656,0.7296463634033368,0.6470103124702862,-0.33728544466789073,197.0,33.0,94.0,12.0,56.0,86.0,0.1048263080502938
usp000gnur,2008-11-16 17:02:32.700000+00:00,1.271,122.091,30.0,7.4,"135 km NW of Gorontalo, Indonesia",earthquake,2454787.2101006946,104.32625,25.28619,0.00242871194833,51.333840711166324,0.9613907156073335,0.6006592297773642,0.7506534471640322,273.0,70.0,92.0,85.0,19.0,82.0,1.0180038212837645
usp000gs2d,2009-01-03 19:43:50.650000+00:00,-0.414,132.885,17.0,7.7,"140 km WNW of Manokwari, Indonesia",earthquake,2454835.3221140048,3.06815,6.06698,0.00257491128175,-78.02216605720746,0.7377252782246844,0.15310253097133328,-0.7216634957803116,312.0,66.0,103.0,102.0,26.0,62.0,-0.4650458451374623
usp000gs3t,2009-01-03 22:33:40.290000+00:00,-0.691,133.305,23.0,7.4,"86 km WNW of Manokwari, Indonesia",earthquake,2454835.440049653,4.45712,6.75047,0.0025707017896,-59.139818038831585,0.7457472884171803,0.38252720179475397,-0.6401655708241835,101.0,26.0,72.0,300.0,66.0,98.0,-0.23404330062898354
usp000gsmz,2009-01-15 17:49:39.070000+00:00,46.857,155.154,36.0,7.4,east of the Kuril Islands,earthquake,2454847.24281331,175.91883,-2.51946,0.00253684348596,39.81252208469941,0.8362338753719756,0.6423477063628905,0.5354218135731552,203.0,52.0,100.0,7.0,38.0,76.0,0.8463952479304909
usp000gtnc,2009-02-11 17:34:50.490000+00:00,3.886,126.387,20.0,7.2,"196 km SSE of Sarangani, Philippines",earthquake,2454874.2325288192,170.54152,0.22445,0.00249349541338,85.981349002208,0.8973723891953831,0.06288893245416236,0.8951660108968648,171.0,33.0,68.0,16.0,58.0,103.0,0.960883037869141
usp000gu5x,2009-02-18 21:53:45.160000+00:00,-27.424,-176.33,25.0,7.0,Kermadec Islands region,earthquake,2454881.412328241,261.29069,-27.04844,0.0027053548014,54.36187336720626,0.693662054618318,0.4041718429943681,0.5637483191530085,3.0,81.0,42.0,265.0,48.0,168.0,0.720135612987621
usp000gv5p,2009-03-19 18:17:40.470000+00:00,-23.043,-174.66,31.0,7.6,"191 km S of ‘Ohonua, Tonga",earthquake,2454910.2622739584,281.29836,-25.43416,0.00270211779308,85.37195694180673,0.7022313774544494,0.05666078995633485,0.6999417564077011,23.0,41.0,94.0,196.0,48.0,85.0,0.728569674757179
usp000gxkj,2009-05-28 08:24:46.560000+00:00,16.731,-86.217,19.0,7.3,"46 km NW of Guanaja, Honduras",earthquake,2454979.850538889,122.49203,20.19232,0.00243793382045,-50.286393744881316,0.8763728296165709,0.5599588680589526,-0.6741479085277146,63.0,64.0,353.0,156.0,84.0,-154.0,-0.6799761907842524
usp000gz8j,2009-07-15 09:22:29.030000+00:00,-45.762,166.562,12.0,7.8,"97 km WSW of Te Anau, New Zealand",earthquake,2455027.8906137734,18.9299,13.67221,0.00257267479133,-43.34596293802478,0.7503858103122792,0.5456973375629711,-0.5150662870880802,162.0,71.0,73.0,26.0,24.0,131.0,0.012026363338623114
usp000h05x,2009-08-10 19:55:38.730000+00:00,14.099,92.902,24.0,7.5,"266 km N of Bamboo Flat, India",earthquake,2455054.330309375,9.24038,9.43149,0.00261826493435,71.37412835840135,0.771282238242385,0.2463377031466956,0.7308857824835516,30.0,55.0,259.0,227.0,36.0,-75.0,0.8269724165243405
usp000h152,2009-09-02 07:55:01.050000+00:00,-7.782,107.297,46.0,7.0,"66 km SSW of Banjar, Indonesia",earthquake,2455076.829873264,315.88799,-15.46535,0.00269863238557,-16.234754881874867,0.6638441611897797,0.6373728950419915,-0.18559327307732035,178.0,58.0,68.0,34.0,37.0,120.0,0.18461502243163394
usp000h1ys,2009-09-29 17:48:10.990000+00:00,-15.489,-172.095,18.0,8.1,2009 Samoa Earthquake,earthquake,2455104.241793866,317.01983,-14.88878,0.00269390535906,-45.66612201807683,0.6536520618629559,0.4567971217088678,-0.4675440167258985,306.0,22.0,244.0,153.0,70.0,-80.0,0.006542453782117014
usp000h2g9,2009-10-07 22:03:14.470000+00:00,-13.006,166.51,45.0,7.7,"148 km NW of Sola, Vanuatu",earthquake,2455112.4189174767,56.86155,24.24953,0.0025200165855,-12.510665246892358,0.817143263300175,0.7977407696093504,-0.1770106699042195,342.0,34.0,82.0,171.0,55.0,95.0,0.3252381714086536
usp000h2gd,2009-10-07 22:18:51.240000+00:00,-12.517,166.382,35.0,7.8,"196 km NW of Sola, Vanuatu",earthquake,2455112.429759722,57.02203,24.27476,0.00251983015253,-15.587137024836624,0.8151637137295593,0.7851843688390254,-0.2190374103029624,337.0,36.0,82.0,167.0,55.0,96.0,0.2509906267626707
usp000h2gr,2009-10-07 23:13:48.160000+00:00,-13.093,166.497,31.1,7.4,"143 km NW of Sola, Vanuatu",earthquake,2455112.4679185185,57.58748,24.36223,0.00251917644615,-27.819126503862584,0.8076691576460198,0.7143229857849162,-0.3769245815703105,144.0,38.0,63.0,356.0,56.0,109.0,0.036115543625495905
usp000h5np,2010-01-03 22:36:25.640000+00:00,-8.783,157.354,10.0,7.1,"94 km SE of Gizo, Solomon Islands",earthquake,2455200.441963426,148.3435,9.48022,0.00242256745545,-3.8211030601550853,0.9266261856489988,0.9245662870670753,-0.0617516700131677,325.0,14.0,94.0,141.0,75.0,88.0,0.7687275518224204
usp000h60h,2010-01-12 21:53:10.060000+00:00,18.443,-72.571,13.0,7.0,"10 km SE of Léogâne, Haiti",earthquake,2455209.4119219906,265.93625,-25.60109,0.00268085289276,-19.118583125481642,0.6755308385732738,0.6382704042000544,-0.2212528078597186,249.0,72.0,8.0,156.0,81.0,162.0,-0.28334836466105384
usp000h7qu,2010-02-26 20:31:26.970000+00:00,25.93,128.425,25.0,7.0,"70 km SE of Katsuren-haebaru, Japan",earthquake,2455254.355173264,133.84936,15.35894,0.00239893000617,-2.055965355814984,0.9557822028168743,0.9551669286760188,-0.03428932173574953,181.0,89.0,213.0,90.0,56.0,0.0,0.18127798516366295
official20100227063411530_30,2010-02-27 06:34:11.530000+00:00,-36.122,-72.898,22.9,8.8,"2010 Maule, Chile Earthquake",earthquake,2455254.7737445603,139.93376,13.03105,0.00239452570819,25.65521290262259,0.9854671987962746,0.8883156340313376,0.4266625531246901,17.0,13.0,108.0,178.0,76.0,85.0,1.047886225480916
usp000h7sq,2010-02-27 08:01:23.010000+00:00,-37.773,-75.048,35.0,7.4,"124 km W of Lebu, Chile",earthquake,2455254.834294097,140.80574,12.68138,0.00239406448128,12.61830322103613,0.9748086701757354,0.9512641416757327,0.21295181664338356,3.0,46.0,-102.0,200.0,46.0,-78.0,0.5994469574759203
usp000h94v,2010-03-11 14:55:27.510000+00:00,-34.326,-71.799,18.0,7.0,"52 km NW of Santa Cruz, Chile",earthquake,2455267.1218461804,306.37833,-17.86664,0.00271178116935,68.59860469287266,0.6925737231840046,0.2527197761841347,0.644818638665474,36.0,27.0,-43.0,168.0,71.0,-109.0,0.7018385999747199
ci14607652,2010-04-04 22:40:42.360000+00:00,32.2861667,-115.2953333,9.987,7.2,"The 2010 Sierra El Mayor, B.C., Mexico Earthquake",earthquake,2455291.444934722,268.45169,-24.97652,0.00263702820242,-62.69776823563707,0.6905654092277679,0.3167514196505809,-0.6136359853946443,222.0,59.0,-14.0,319.0,77.0,-147.0,-0.597871602208003
usp000hat0,2010-04-06 22:15:01.580000+00:00,2.383,97.048,31.0,7.8,"75 km E of Sinabang, Indonesia",earthquake,2455293.4271016205,294.33917,-20.99596,0.00268755737206,52.99279380041194,0.7072469062573506,0.42570284995805724,0.5647789567150865,315.0,9.0,97.0,127.0,80.0,88.0,0.7053050326060734
usp000hchk,2010-05-09 05:59:41.620000+00:00,3.748,96.018,38.0,7.2,"45 km SSW of Meulaboh, Indonesia",earthquake,2455325.7497872687,350.77627,1.19087,0.002679742666,27.232254105149927,0.702051073513175,0.6242349697585414,0.321257548318408,312.0,16.0,94.0,127.0,74.0,88.0,0.7433037865515547
usp000hd84,2010-05-27 17:14:46.570000+00:00,-13.698,166.643,31.0,7.2,"100 km WNW of Sola, Vanuatu",earthquake,2455344.2185945604,240.4348,-23.9896,0.0025665003479,22.799272946900068,0.7971533501391639,0.7348702194954928,0.3089000228823862,157.0,45.0,76.0,356.0,45.0,103.0,0.6175744505427267
usp000hdwb,2010-06-12 19:26:50.460000+00:00,7.881,91.936,35.0,7.5,"Nicobar Islands, India region",earthquake,2455360.31030625,85.6786,24.808,0.00247728247714,-53.100444322714665,0.8345902894534242,0.5010997139467015,-0.6674129365935937,219.0,58.0,31.0,111.0,63.0,143.0,-0.6119085307848331
usp000he3f,2010-06-16 03:16:27.550000+00:00,-2.174,136.543,18.0,7.0,"121 km SSE of Biak, Indonesia",earthquake,2455363.6364299767,135.59497,13.94856,0.00244723164546,41.106124150496306,0.9334928282900795,0.7033804268586087,0.6137302628852623,64.0,85.0,12.0,333.0,77.0,175.0,0.5373091396876096
usp000hfku,2010-07-18 13:34:59.360000+00:00,-5.931,150.59,35.0,7.3,"New Britain region, Papua New Guinea",earthquake,2455396.0659648147,203.6421,-15.31429,0.00251510858399,3.6709761962902325,0.8336283124705246,0.8319178570452888,0.05337454900632834,269.0,21.0,104.0,74.0,70.0,85.0,0.6964686505186752
usp000hhhx,2010-08-04 22:01:43.620000+00:00,-5.746,150.765,44.0,7.0,"72 km ESE of Kimbe, Papua New Guinea",earthquake,2455413.417865972,59.89995,23.90187,0.00255743457675,56.604760055935216,0.8238265928387968,0.45344353197118054,0.6878075445805183,247.0,20.0,76.0,81.0,69.0,94.0,0.8578379168616455
usp000hhuc,2010-08-10 05:23:44.980000+00:00,-17.541,168.069,25.0,7.3,"33 km NW of Port-Vila, Vanuatu",earthquake,2455418.7248261576,140.12521,12.22884,0.00239388365285,16.219473579148666,0.9781870122644598,0.9392540024476979,0.2732247240804727,139.0,61.0,72.0,352.0,33.0,119.0,0.8235699941409333
usp000hk46,2010-09-03 16:35:47.770000+00:00,-43.522,171.83,12.0,7.0,"19 km NE of Methven, New Zealand",earthquake,2455443.191525116,95.94367,23.72035,0.00249507460557,6.272423780190463,0.8559866874633179,0.8508624558335041,0.0935216037469533,177.0,64.0,355.0,269.0,86.0,-154.0,0.16754903643620117
usp000hmbq,2010-09-29 17:11:25.940000+00:00,-4.963,133.76,26.0,7.0,"Near the south coast of Papua, Indonesia",earthquake,2455469.216272454,77.41924,24.54064,0.00257364183183,42.2892008208063,0.8017851703665879,0.5931269395937897,0.5394996690896883,344.0,46.0,254.0,187.0,45.0,-73.0,0.7857198729004193
usp000hnj4,2010-10-25 14:42:22.460000+00:00,-3.487,100.082,20.1,7.8,"215 km SW of Sungai Penuh, Indonesia",earthquake,2455495.112759954,58.66067,23.14241,0.00260823842571,21.114934707306464,0.7582977324074546,0.7073853697089632,0.2731691594891361,324.0,8.0,95.0,138.0,81.0,89.0,0.8073436151428488
usp000hr97,2010-12-21 17:19:40.660000+00:00,26.901,143.698,14.0,7.4,"Bonin Islands, Japan region",earthquake,2455552.22199838,94.79491,23.19489,0.00250750681585,54.20420742946403,0.8738387437645646,0.5111066333055726,0.7087765229570427,345.0,57.0,304.0,113.0,45.0,-131.0,0.9184971398121246
usp000hrw0,2010-12-25 13:16:37+00:00,-19.702,167.947,16.0,7.3,"141 km W of Isangel, Vanuatu",earthquake,2455556.053206018,149.27923,7.81393,0.00246283746931,34.214935451032765,0.9111834043990621,0.7534885613252114,0.5123574771625061,350.0,45.0,279.0,157.0,45.0,-99.0,0.8268861478462673
usp000hsfq,2011-01-02 20:20:17.780000+00:00,-38.355,-73.326,24.0,7.2,"42 km NNW of Carahue, Chile",earthquake,2455564.3474280094,263.08678,-24.10891,0.00257410777454,28.581965973719992,0.7936272920669003,0.6969107923887469,0.3796835869056365,15.0,14.0,114.0,170.0,77.0,84.0,0.8479862892239634
usp000ht15,2011-01-13 16:16:41.540000+00:00,-20.628,168.471,9.0,7.0,"118 km NNE of Tadine, New Caledonia",earthquake,2455575.178258565,32.44292,17.73018,0.00265740630683,-46.162810998037536,0.6804513608831471,0.4712884386458756,-0.49081693341454674,160.0,63.0,272.0,334.0,26.0,-95.0,-0.050665775577264094
usp000htb4,2011-01-18 20:23:23.480000+00:00,28.777,63.951,68.0,7.2,"46 km WSW of Dalbandin, Pakistan",earthquake,2455580.3495773147,105.4551,21.5934,0.00247430603847,68.45774006003772,0.9152392749861359,0.3360643112683898,0.8513070592734742,79.0,31.0,301.0,222.0,63.0,-108.0,0.9491695507755706
usp000hvhj,2011-03-09 02:45:20.330000+00:00,38.435,142.842,32.0,7.3,"120 km SE of ?funato, Japan",earthquake,2455629.6148186345,30.56931,16.77845,0.00269764003367,48.30332578459091,0.6975243777869641,0.4639841582301241,0.5208252667820317,185.0,16.0,67.0,28.0,74.0,96.0,0.738672303294843
official20110311054624120_30,2011-03-11 05:46:24.120000+00:00,38.297,142.373,29.0,9.1,"2011 Great Tohoku Earthquake, Japan",earthquake,2455631.7405569446,57.23737,22.49356,0.00265063305175,66.43804322286458,0.7418053820919136,0.2965296530691151,0.6799598442196717,192.0,8.0,78.0,24.0,81.0,91.0,0.6433719772559909
usp000hvpa,2011-03-11 06:15:40.280000+00:00,36.281,141.111,42.6,7.9,"47 km E of ?arai, Japan",earthquake,2455631.7608828703,57.50574,22.52826,0.00265004462143,71.35408985307032,0.7433357878132215,0.2376583054699504,0.7043199722321201,199.0,17.0,84.0,26.0,73.0,92.0,0.7344888883317942
usp000hvpg,2011-03-11 06:25:50.300000+00:00,38.058,144.59,18.6,7.7,"272 km ESE of Kamaishi, Japan",earthquake,2455631.767943288,57.59902,22.54021,0.00264983962827,72.74485728655844,0.7439105209286405,0.2206641646341417,0.7104295810244937,182.0,42.0,-100.0,15.0,49.0,-81.0,0.8007552812684402
usp000hzf6,2011-04-07 14:32:43.290000+00:00,38.276,141.588,42.0,7.1,"29 km ESE of Ishinomaki, Japan",earthquake,2455659.106056597,58.8979,22.47485,0.00265916026145,-17.51956166866009,0.6929447172994954,0.6608019426992398,-0.20859811542338574,210.0,52.0,97.0,17.0,38.0,80.0,0.1638100705291005
usp000j3mq,2011-06-24 03:09:39.470000+00:00,52.05,-171.836,52.0,7.3,"Fox Islands, Aleutian Islands, Alaska",earthquake,2455736.6317068287,6.37359,8.28404,0.00270211793218,-21.824458188176774,0.6584007431245381,0.6112113277619364,-0.24476979258567577,354.0,9.0,185.0,259.0,89.0,-80.0,0.4304475555682975
usp000j48h,2011-07-06 19:03:18.260000+00:00,-29.539,-176.34,17.0,7.6,Kermadec Islands region,earthquake,2455749.2939613424,172.95391,-2.66185,0.00247178821288,-40.12912753527496,0.8467393706303173,0.6474117136954565,-0.5457340329733325,25.0,54.0,305.0,154.0,48.0,-129.0,-0.3108716338943101
usp000j4gp,2011-07-10 00:57:10.800000+00:00,38.034,143.264,23.0,7.0,"177 km ESE of Ishinomaki, Japan",earthquake,2455752.5397083336,217.09461,-18.38866,0.00248115341161,-44.7813314123098,0.8347915463556019,0.592535280565094,-0.5880296481916728,330.0,80.0,150.0,66.0,60.0,11.0,-0.5358471451113669
usp000j6r4,2011-08-20 16:55:02.810000+00:00,-18.365,168.143,32.0,7.2,"71 km SSW of Port-Vila, Vanuatu",earthquake,2455794.204893634,40.4115,18.89825,0.00269221034569,50.848259216553565,0.7027966450217573,0.4437291851518488,0.5450023252228511,352.0,29.0,108.0,150.0,62.0,79.0,0.75693489882378
usp000j6rj,2011-08-20 18:19:23.550000+00:00,-18.311,168.218,28.0,7.1,"64 km S of Port-Vila, Vanuatu",earthquake,2455794.263467014,41.13019,19.0612,0.00269126177305,50.61033874459842,0.703478177283714,0.4464209670326926,0.5436817691517825,350.0,26.0,106.0,152.0,65.0,82.0,0.7567588543139661
usp000j9nm,2011-10-21 17:57:16.100000+00:00,-28.993,-176.238,33.0,7.4,Kermadec Islands region,earthquake,2455856.248103009,138.76175,11.15947,0.002506516604,46.35385958232224,0.8709848102209852,0.6011558910879249,0.6302587835532072,36.0,54.0,103.0,194.0,37.0,72.0,0.9160286055334879
usp000j9rr,2011-10-23 10:41:23.250000+00:00,38.721,43.508,18.0,7.1,"27 km NNE of Van, Turkey",earthquake,2455857.945407986,161.29869,2.36621,0.00244319037076,12.987513920042678,0.9172330152360249,0.8937693359038708,0.2061377656736476,241.0,41.0,52.0,107.0,58.0,118.0,0.6374583042801358
usp000jdar,2012-01-10 18:36:59.080000+00:00,2.433,93.21,19.0,7.2,off the west coast of northern Sumatra,earthquake,2455937.2756837965,128.93748,14.30485,0.00255028319571,76.09115565076601,0.8366626765919923,0.20111520242938402,0.8121312146161264,100.0,65.0,175.0,192.0,85.0,24.0,0.8854154844317541
usp000jeag,2012-02-02 13:34:40.650000+00:00,-17.827,167.133,23.0,7.1,"125 km W of Port-Vila, Vanuatu",earthquake,2455960.065748264,67.26417,22.08729,0.00266889252428,5.142812371893526,0.6983963637386374,0.6955848742218484,0.06260322385569693,52.0,56.0,323.0,165.0,60.0,-140.0,0.22420306331934087
usp000jghj,2012-03-20 18:02:47.440000+00:00,16.493,-98.231,20.0,7.4,"6 km E of Santiago Llano Grande, Mexico",earthquake,2456007.251937963,338.94006,-3.43049,0.0026446959595,66.48302124886975,0.7469715758216775,0.29805720211940423,0.684929514147458,285.0,16.0,69.0,126.0,74.0,96.0,0.7057994547138315
usp000jgsw,2012-03-25 22:37:06+00:00,-35.2,-72.217,40.7,7.1,"23 km NE of Constitución, Chile",earthquake,2456012.442430556,38.99072,17.47647,0.00271231913443,17.17587122213631,0.6717899070859911,0.641829963576768,0.1983834093810494,182.0,72.0,85.0,17.0,17.0,104.0,0.6726115731983662
official20120411083836720_20,2012-04-11 08:38:36.720000+00:00,2.327,93.063,20.0,8.6,2012 Wharton Basin Earthquake,earthquake,2456028.8601472224,264.49913,-21.63957,0.00246562434656,-61.6357214622333,0.8427651664957294,0.40037724592574275,-0.7415869381289639,198.0,80.0,4.0,107.0,85.0,170.0,-0.8700237215896947
usp000jhjb,2012-04-11 10:43:10.850000+00:00,0.802,92.463,25.1,8.2,2012 Wharton Basin Aftershock,earthquake,2456028.9466533563,265.82117,-21.5764,0.0024685215603,-68.39971568624492,0.8377165298087729,0.3083878878209385,-0.7788876009798801,98.0,65.0,-159.0,359.0,72.0,-26.0,-0.8190481321725502
usp000jhr6,2012-04-12 07:15:48.500000+00:00,28.696,-113.104,13.0,7.0,"69 km ENE of San Luis, Mexico",earthquake,2456029.802644676,278.63287,-20.42163,0.00249845878071,-4.075464904018604,0.8446457502593138,0.8425099012965359,-0.06002923994538218,135.0,68.0,175.0,227.0,86.0,22.0,-0.061507948785839206
usp000jqvm,2012-08-27 04:37:19.430000+00:00,12.139,-88.59,28.0,7.3,"126 km S of Puerto El Triunfo, El Salvador",earthquake,2456166.6925859954,278.89608,-20.06589,0.0024909838364,40.30733714898741,0.8841149177206432,0.6742132141297426,0.5719228353799327,279.0,13.0,69.0,120.0,78.0,95.0,0.947827624668807
usp000jr83,2012-08-31 12:47:33.380000+00:00,10.811,126.638,28.0,7.6,"89 km E of Sulangan, Philippines",earthquake,2456171.033025232,337.55428,-4.06181,0.00257417302011,47.73002873688316,0.8039399568238218,0.5407499367490078,0.5949024794735961,346.0,46.0,64.0,201.0,50.0,114.0,0.8132819148689672
usp000jrsw,2012-09-05 14:42:07.800000+00:00,10.085,-85.315,35.0,7.6,"11 km ENE of Hojancha, Costa Rica",earthquake,2456176.1125902776,38.40755,16.67923,0.00269152594468,9.826078791277224,0.6834645014955988,0.6734382985131144,0.11663868526517553,299.0,18.0,86.0,122.0,72.0,91.0,0.6376516591801257
usp000juhz,2012-10-28 03:04:08.820000+00:00,52.788,-132.101,14.0,7.8,"206 km SW of Prince Rupert, Canada",earthquake,2456228.6278798613,13.47541,9.42671,0.00266974894659,22.969314558755503,0.7078021357142084,0.6516833229600499,0.2762113500516261,322.0,24.0,115.0,115.0,68.0,79.0,0.702594871634919
usp000jv5f,2012-11-07 16:35:46.930000+00:00,13.988,-91.895,24.0,7.4,"33 km S of Champerico, Guatemala",earthquake,2456239.1915153936,143.90837,8.73831,0.00259446851471,30.01499483545033,0.7758024511384308,0.6717630906581037,0.38807704547147553,285.0,23.0,70.0,126.0,69.0,98.0,0.8078941885907264
usp000jwjn,2012-12-07 08:18:23.130000+00:00,37.89,143.949,31.0,7.3,"234 km SE of ?funato, Japan",earthquake,2456268.846101042,172.6806,-1.89387,0.00254041674281,-53.93122621319599,0.7743080684871764,0.45587845550650935,-0.6258816331618474,303.0,10.0,28.0,186.0,85.0,99.0,0.06205521324346425
ak0138esnzr,2013-01-05 08:58:14.957000+00:00,55.228,-134.8591,8.7,7.5,"110 km SW of Edna Bay, Alaska",earthquake,2456297.8737842245,195.0593,-9.77711,0.00251462551979,-9.26250762747874,0.8246773023517978,0.8139245436964239,-0.1327384276794281,335.0,63.0,180.0,65.0,90.0,27.0,-0.06294642022880587
usc000f1s0,2013-02-06 01:12:25.830000+00:00,-10.799,165.114,24.0,8.0,2013 Santa Cruz Islands Earthquake,earthquake,2456329.5502989586,259.03089,-20.68792,0.00244969734,30.53999145160263,0.9233903152541741,0.7952927146196986,0.469211223627519,309.0,17.0,61.0,159.0,75.0,99.0,0.9842014258923089
usc000f1se,2013-02-06 01:23:19.760000+00:00,-11.183,164.882,10.0,7.1,"112 km WSW of Lata, Solomon Islands",earthquake,2456329.5578675927,259.14785,-20.68768,0.00244961968339,28.4073757106867,0.9219751338770498,0.810957653954672,0.4386180923992288,312.0,38.0,-111.0,158.0,55.0,-74.0,0.8476277690576717
usc000f1ts,2013-02-06 01:54:14.610000+00:00,-10.499,165.588,8.8,7.0,"33 km NW of Lata, Solomon Islands",earthquake,2456329.579335764,259.47965,-20.68659,0.00244940127177,20.548150522802274,0.9162490646307296,0.8579550538119993,0.3215983116795491,333.0,81.0,-8.0,64.0,82.0,-170.0,0.13301938524887286
usc000f40j,2013-02-08 15:26:38.470000+00:00,-10.928,166.018,21.0,7.1,"32 km SE of Lata, Solomon Islands",earthquake,2456332.14350081,298.6259,-16.1703,0.00244728998419,-27.648225431610076,0.8804093065058973,0.7798782841829507,-0.40854670337924875,265.0,72.0,175.0,356.0,86.0,18.0,-0.49473784047496216
usb000g13s,2013-04-06 04:42:35.860000+00:00,-3.517,138.476,66.0,7.0,"260 km WSW of Abepura, Indonesia",earthquake,2456388.6962483795,325.65004,-8.28363,0.00252927065405,11.488445435730275,0.8252382487399393,0.8087045098703632,0.16436296084792845,338.0,56.0,-140.0,224.0,58.0,-41.0,0.35707056401256604
usb000ief9,2013-07-15 14:03:39.880000+00:00,-60.857,-25.07,11.0,7.3,South Sandwich Islands region,earthquake,2456489.085878241,194.05829,-8.56487,0.00255848254673,13.99387832998031,0.7989603906146112,0.775248499367233,0.19320318320334573,94.0,74.0,-7.0,186.0,83.0,-163.0,0.1226211969246962
usb000jdt7,2013-08-30 16:25:02.300000+00:00,51.537,-175.2297,29.0,7.0,"101 km SW of Atka, Alaska",earthquake,2456535.184054398,92.33825,19.39181,0.00270585243046,43.18394624275559,0.6890979165092527,0.5024629142937519,0.4715792174140233,253.0,25.0,96.0,67.0,65.0,87.0,0.740702406465705
usb000jyiv,2013-09-24 11:29:47.970000+00:00,26.951,65.5009,15.0,7.7,"113 km NW of Bela, Pakistan",earthquake,2456559.9790274305,60.1488,18.46196,0.00265762590278,-45.181812178697484,0.6806409385219188,0.47975617628583733,-0.4828106238553487,228.0,46.0,6.0,134.0,86.0,136.0,-0.2862367154364619
usb000jzma,2013-09-25 16:42:43.170000+00:00,-15.8385,-74.5112,40.0,7.1,"16 km WSW of Atiquipa, Peru",earthquake,2456561.196332986,75.7235,19.528,0.00268405259701,-19.783612519858472,0.6728113067399801,0.6331003785990718,-0.22772563556804848,312.0,23.0,96.0,125.0,67.0,87.0,0.3109946453824095
usb000kdb4,2013-10-15 00:12:32.050000+00:00,9.8796,124.1167,19.04,7.1,"4 km SE of Sagbayan, Philippines",earthquake,2456580.5087042823,331.90619,-6.40348,0.0024987420507,-86.33775337318602,0.8052982329042089,0.051438220940823925,-0.8036537521501933,39.0,46.0,77.0,238.0,46.0,103.0,-0.7804746850603693
usc000kn4n,2013-10-25 17:10:19.710000+00:00,37.1557,144.6611,35.0,7.1,"off the east coast of Honshu, Japan",earthquake,2456591.2155059027,109.23151,17.21977,0.00270397769787,54.31408466845311,0.6946979535081125,0.4052461908715307,0.5642524004312915,15.0,45.0,-79.0,180.0,46.0,-100.0,0.7305127758732212
usb000l0gq,2013-11-17 09:04:55.530000+00:00,-60.2738,-46.4011,10.0,7.7,Scotia Sea,earthquake,2456613.878420486,49.97299,17.00206,0.00264358611026,-18.70186645899967,0.7045865948683137,0.6673843049941421,-0.22592135604145733,99.0,50.0,0.0,190.0,89.0,-139.0,-0.006665631905011071
usb000l5zn,2013-11-25 06:27:33.300000+00:00,-53.9451,-55.0033,11.78,7.0,Falkland Islands region,earthquake,2456621.7691354165,147.43591,7.899,0.0026777601577,18.24887995506536,0.6989064013742688,0.66375507717205,0.2188592136745827,66.0,70.0,-3.0,157.0,86.0,-160.0,0.2131293993490836
usc000nzvd,2014-04-01 23:46:47.260000+00:00,-19.6097,-70.7691,25.0,8.2,"93 km NW of Iquique, Chile",earthquake,2456749.4908247683,38.12062,13.82724,0.00254852543089,5.458448701849577,0.8025064577618666,0.798867447783197,0.07633751123700391,160.0,79.0,87.0,358.0,11.0,107.0,0.7677574389427011
usc000p27i,2014-04-03 02:43:13.110000+00:00,-20.5709,-70.4931,22.4,7.7,"53 km SW of Iquique, Chile",earthquake,2456750.6133461804,53.18106,16.69277,0.00258810232253,-23.356810594154606,0.74785502125223,0.6865710947048389,-0.29649159301398836,166.0,75.0,87.0,356.0,15.0,100.0,0.4008044561356369
usc000pft9,2014-04-11 07:07:23.130000+00:00,-6.5858,155.0485,60.53,7.1,"56 km WSW of Panguna, Papua New Guinea",earthquake,2456758.796795486,154.64888,5.94296,0.00267616445554,34.41062041822291,0.708439329584847,0.5844686536188356,0.4003531898706604,140.0,48.0,97.0,310.0,43.0,82.0,0.6581707818784758
usc000phx5,2014-04-12 20:14:39.300000+00:00,-11.2701,162.1481,22.56,7.6,"93 km SSE of Kirakira, Solomon Islands",earthquake,2456760.343510417,172.71136,-0.13904,0.00264064951918,-43.41988811144199,0.6945091139986911,0.5044470622356746,-0.4773636672695612,116.0,74.0,24.0,19.0,67.0,163.0,-0.5026591280969539
usc000piqj,2014-04-13 12:36:19.230000+00:00,-11.4633,162.0511,39.0,7.4,"112 km S of Kirakira, Solomon Islands",earthquake,2456761.025222569,180.83389,-2.91298,0.00262267727538,75.38437484523746,0.7680032666104899,0.19379276274613214,0.7431509823929485,279.0,46.0,86.0,104.0,44.0,94.0,0.8199311253412755
usb000pq41,2014-04-18 14:27:24.920000+00:00,17.397,-100.9723,24.0,7.2,"9 km ENE of Coyuquilla Norte, Mexico",earthquake,2456766.1023717592,248.28833,-18.41034,0.00250445593927,7.947061788608001,0.8475609971883867,0.8394212201086705,0.1171821624064153,113.0,70.0,87.0,302.0,20.0,99.0,0.7580830851642231
usb000pr89,2014-04-19 13:28:00.810000+00:00,-6.7547,155.0241,43.37,7.5,"70 km SW of Panguna, Papua New Guinea",earthquake,2456767.061120486,262.38197,-18.93509,0.00249147883839,31.57853160590298,0.8779379759969359,0.7479357376466258,0.4597469108635687,136.0,61.0,91.0,313.0,29.0,87.0,0.8928479681250178
usb000sk6k,2014-10-09 02:14:31.440000+00:00,-32.1082,-110.8112,16.54,7.0,southern East Pacific Rise,earthquake,2456939.5934194443,22.52544,8.92102,0.00245933988732,0.6867047454041382,0.8893635494564037,0.88929967327232,0.010658997112207002,305.0,58.0,118.0,80.0,41.0,53.0,0.44800046124606235
usb000slwn,2014-10-14 03:51:34.460000+00:00,12.5262,-88.1225,40.0,7.3,"74 km S of Intipucá, El Salvador",earthquake,2456944.660815509,92.16176,18.35909,0.00263799606748,-6.217478566525791,0.716349113327694,0.7121355274912365,-0.07758248932685638,306.0,69.0,-89.0,125.0,21.0,-90.0,0.5059782949544421
usc000sxh8,2014-11-15 02:31:41.720000+00:00,1.8929,126.5217,45.0,7.1,"155 km NW of Ternate, Indonesia",earthquake,2456976.6053439816,148.30323,8.51821,0.00270254873638,19.15894139159927,0.6801295423072522,0.6424583885898806,0.22321158851987596,199.0,62.0,79.0,41.0,30.0,110.0,0.6168221643661297
usb000tp5q,2015-02-13 18:59:12.230000+00:00,52.6487,-31.9016,16.68,7.1,northern Mid-Atlantic Ridge,earthquake,2457067.2911137734,253.38011,-17.917,0.0025426203746,-45.462533136725746,0.7760038963743311,0.5442701388486137,-0.5531293367250144,187.0,87.0,-11.0,278.0,79.0,-177.0,-0.6950401210790651
us10001rvu,2015-03-29 23:48:31.010000+00:00,-4.7294,152.5623,41.0,7.5,"53 km SE of Kokopo, Papua New Guinea",earthquake,2457111.492025579,129.99033,13.57783,0.00269366454473,-62.80080768976268,0.6485763621002903,0.2964547787978865,-0.5768586149162922,82.0,70.0,92.0,255.0,20.0,83.0,-0.17610621396228524
us20002926,2015-04-25 06:11:25.950000+00:00,28.2305,84.7314,8.22,7.8,"67 km NNE of Bharatpur, Nepal",earthquake,2457137.757939236,117.20255,15.96679,0.00264814506847,9.218209065722034,0.7173630025413607,0.7080985489471259,0.11491789414243116,99.0,83.0,89.0,290.0,7.0,101.0,0.7279317813887027
us20002bnf,2015-05-05 01:44:06.380000+00:00,-5.4624,151.8751,55.0,7.5,"131 km SSW of Kokopo, Papua New Guinea",earthquake,2457147.572296065,233.31256,-15.36357,0.00261987231863,-65.8424804352543,0.7033940265520588,0.2878616517954661,-0.6417934449764225,81.0,62.0,98.0,244.0,29.0,75.0,-0.33973147993747693
us20002das,2015-05-07 07:10:19.590000+00:00,-7.2175,154.5567,10.0,7.1,"143 km SW of Panguna, Papua New Guinea",earthquake,2457149.798837847,263.32318,-18.29779,0.00256926587786,-40.87505574258269,0.754525290643724,0.5705255800627992,-0.49377016588186323,125.0,67.0,-87.0,299.0,23.0,-95.0,0.06126421617153649
us20002ejl,2015-05-12 07:05:19.730000+00:00,27.8087,86.0655,15.0,7.3,Nepal,earthquake,2457154.7953672456,333.12655,-7.76557,0.00246931228251,-3.5169443782668086,0.8752907426650931,0.8736423081106033,-0.05369359062670235,102.0,82.0,87.0,303.0,9.0,110.0,0.7786066732326996
us20002qn7,2015-06-17 12:51:32.790000+00:00,-35.3639,-17.1605,10.0,7.0,southern Mid-Atlantic Ridge,earthquake,2457191.0357961804,97.87939,18.21504,0.00258178224354,33.296351773547244,0.7894183519723393,0.6598292651157567,0.43336667537724294,167.0,80.0,164.0,260.0,74.0,10.0,0.3925257576975725
us20002yaw,2015-07-18 02:27:33.820000+00:00,-10.4012,165.1409,11.0,7.0,"80 km WNW of Lata, Solomon Islands",earthquake,2457221.6024747686,139.81253,11.90136,0.00266989753198,67.2853783688254,0.7259476736770588,0.28031849272616344,0.669642865677568,115.0,55.0,-72.0,267.0,39.0,-112.0,0.7768683367233299
us200030kn,2015-07-27 21:41:21.710000+00:00,-2.6286,138.5277,48.0,7.0,"234 km W of Abepura, Indonesia",earthquake,2457231.4037234955,257.28928,-17.97265,0.00255480169485,-55.77804127155001,0.7608741641242762,0.4279158710552672,-0.6291402871624324,122.0,53.0,74.0,327.0,40.0,110.0,-0.3794043825285815
us20003k7a,2015-09-16 22:54:32.860000+00:00,-31.5729,-71.6744,22.44,8.3,"48 km W of Illapel, Chile",earthquake,2457282.454546991,212.10977,-9.93858,0.00270173137763,33.979582440313536,0.6882426818488969,0.5707161524710568,0.3846570712039432,180.0,71.0,92.0,353.0,19.0,83.0,0.7360121769587457
us20003k7w,2015-09-16 23:18:41.850000+00:00,-31.5622,-71.4262,28.41,7.0,"25 km WNW of Illapel, Chile",earthquake,2457282.4713177085,212.30551,-9.99108,0.0027015130686,28.81974388604413,0.6859020723658219,0.6009466653755339,0.33064294677152156,180.0,54.0,93.0,355.0,36.0,86.0,0.6462303831631047
us100043z2,2015-12-04 22:25:00.110000+00:00,-47.6165,85.0913,35.0,7.1,southeast Indian Ridge,earthquake,2457361.434029051,179.80059,0.26927,0.00270370742752,27.384907479197903,0.6835220104183873,0.6069241945649989,0.3143968205596573,49.0,54.0,-48.0,172.0,52.0,-132.0,0.5075276079143518
us100044k6,2015-12-07 07:50:05.950000+00:00,38.2107,72.7797,22.0,7.2,"104 km W of Murghob, Tajikistan",earthquake,2457363.8264577547,206.91948,-8.3788,0.00269478585301,17.192625864633793,0.6850743048627134,0.6544627273587187,0.202497757225401,214.0,83.0,8.0,123.0,82.0,173.0,0.04364615009165529
us10004u1y,2016-03-02 12:49:48.110000+00:00,-4.9521,94.3299,24.0,7.8,"southwest of Sumatra, Indonesia",earthquake,2457450.0345846065,258.10476,-17.68278,0.00263667186501,-65.97759404881238,0.6900504518022195,0.2809153026254972,-0.6302826499145225,274.0,84.0,169.0,5.0,79.0,6.0,-0.7235084943464821
us20005iis,2016-04-15 16:25:06.220000+00:00,32.7906,130.7543,10.0,7.0,"6 km ESE of Kumamoto, Japan",earthquake,2457494.1840997683,135.36284,13.63628,0.00262597631362,9.941713979217717,0.7361838242320476,0.725129208967562,0.12709938380259886,224.0,66.0,-151.0,122.0,64.0,-26.0,0.1937018470818598
us20005j32,2016-04-16 23:58:36.980000+00:00,0.3819,-79.9218,20.59,7.8,"27 km SSE of Muisne, Ecuador",earthquake,2457495.4990391205,151.49012,9.6834,0.00266265411143,61.70532596438172,0.7304496496678504,0.3462377808336659,0.6431765619355728,183.0,75.0,83.0,26.0,16.0,113.0,0.7192385737858907
us10005c88,2016-04-28 19:33:24.070000+00:00,-16.0429,167.3786,24.0,7.0,"3 km NW of Norsup, Vanuatu",earthquake,2457507.314861921,293.72031,-17.24434,0.00259972929666,66.64341380903386,0.7870089378995827,0.31201156749496806,0.7225177161033232,150.0,53.0,89.0,331.0,37.0,91.0,0.8397075557925623
us10006d5h,2016-08-12 01:26:36.280000+00:00,-22.4765,173.1167,16.37,7.2,southeast of the Loyalty Islands,earthquake,2457612.5601421297,242.80352,-15.81564,0.00268455910018,7.478892122819355,0.6875017745536754,0.681653114593223,0.08948587251522541,197.0,89.0,-33.0,287.0,57.0,-179.0,0.23712609987107836
us10006exl,2016-08-19 07:32:22.710000+00:00,-55.2852,-31.8766,10.0,7.4,South Georgia Island region,earthquake,2457619.814151736,340.01893,-8.03425,0.00247993001236,17.435877300120517,0.8802964378466329,0.8398493596868368,0.2637704902355094,301.0,62.0,84.0,133.0,29.0,100.0,0.7918400001289342
us20006uy6,2016-08-29 04:29:57.860000+00:00,-0.0456,-17.8255,10.0,7.1,north of Ascension Island,earthquake,2457629.6874752315,119.03272,16.96131,0.00255294273887,-2.6748862635657096,0.7926786220343852,0.791814940479853,-0.03699321374547737,79.0,85.0,169.0,170.0,79.0,5.0,-0.19895841401276776
us10006jbi,2016-09-01 16:37:57.300000+00:00,-37.3586,179.1461,19.0,7.0,"175 km NE of Gisborne, New Zealand",earthquake,2457633.1930243056,164.44441,6.69292,0.00263365341308,-24.44130093576565,0.7093246207086787,0.6457589510232615,-0.2934907063551551,229.0,75.0,-68.0,351.0,26.0,-144.0,0.23299852643704538
us1000778i,2016-11-13 11:02:56.340000+00:00,-42.7373,173.054,15.11,7.8,"53 km NNE of Amberley, New Zealand",earthquake,2457705.960374305,34.36106,9.35326,0.00239009226514,36.957789353197924,1.0,0.7990786592920379,0.6012264933151558,354.0,61.0,64.0,219.0,38.0,128.0,0.9925589647008957
us20007z80,2016-12-08 17:38:46.280000+00:00,-10.6812,161.3273,40.0,7.8,"69 km WSW of Kirakira, Solomon Islands",earthquake,2457731.2352578705,4.62542,-0.50912,0.00248626409193,-48.47973593023564,0.8278907579714666,0.5487962769157818,-0.6198594627638961,141.0,51.0,111.0,290.0,44.0,67.0,-0.3666657639015185
us10007mn3,2016-12-25 14:22:27.010000+00:00,-43.4064,-73.9413,38.0,7.6,"41 km SW of Quellón, Chile",earthquake,2457748.098923727,232.2529,-13.81815,0.00271249196707,59.84823955434149,0.6897905282394685,0.34647633417751206,0.5964604955098015,183.0,74.0,92.0,356.0,16.0,83.0,0.6886023451728279
us20009x42,2017-07-17 23:34:13.740000+00:00,54.4434,168.857,10.0,7.7,"Komandorskiye Ostrova, Russia region",earthquake,2457952.482103472,39.78124,10.17229,0.0024750494183,25.518829077889517,0.8915600600611048,0.8045828102004853,0.3840909296326205,36.51,72.57,4.04,305.29,86.14,162.52,0.3464245003088982
us2000ahv0,2017-09-08 04:49:19.180000+00:00,15.0222,-93.8993,47.39,8.2,"2017 Tehuantepec, Mexico Earthquake",earthquake,2458004.700916435,9.98135,0.23873,0.0025248520845,43.11628888010028,0.8500820174888248,0.6205326668094995,0.5810151855848187,163.91,19.62,-61.38,313.83,72.86,-99.69,0.9151657992864518
us2000ar20,2017-09-19 18:14:38.090000+00:00,18.5499,-98.4887,48.0,7.1,"1 km S of Matzaco, Mexico",earthquake,2458016.2601630786,172.61907,5.77878,0.00254637250321,76.86928099281937,0.8405386935324373,0.19094809161662138,0.8185622283206004,299.27,43.98,-82.1,108.35,46.55,-97.55,0.8953022913974363
us2000bmcg,2017-11-12 18:18:17.180000+00:00,34.9109,45.9592,19.0,7.3,"29 km S of ?alabja, Iraq",earthquake,2458070.2626988427,166.02706,8.23429,0.00256228980835,-40.989586971256124,0.7605784475053764,0.5741065175967494,-0.4988800269229285,351.12,16.38,137.44,122.49,79.0,77.78,0.15390409177025643
us2000brlf,2017-11-19 22:43:29.250000+00:00,-21.3246,168.6715,10.0,7.0,"85 km ENE of Tadine, New Caledonia",earthquake,2458077.4468663195,252.85126,-17.94659,0.00270578237053,47.56548292728953,0.6909673058493087,0.4662282118625412,0.5099677168371636,323.21,32.75,-105.84,161.85,58.64,-80.04,0.7386697050570524
us1000c2zy,2018-01-10 02:51:33.290000+00:00,17.4825,-83.52,19.0,7.5,"203 km NNE of Barra Patuca, Honduras",earthquake,2458128.619135301,212.80712,-7.77159,0.0026431241542,-54.27380152264457,0.6884307765394551,0.40198331878848237,-0.5588795447164929,167.44,75.19,-171.89,75.36,82.16,-14.96,-0.6501547904712135
us2000cjfy,2018-01-14 09:18:45.540000+00:00,-15.7675,-74.7092,39.0,7.1,"37 km W of Atiquipa, Peru",earthquake,2458132.888027083,264.3331,-19.29717,0.0027156540661,8.094759229922477,0.6644153339670333,0.6577954594443822,0.09355677177456818,313.58,38.7,92.41,130.5,51.34,88.07,0.436552370508693
us2000cmy3,2018-01-23 09:31:40.890000+00:00,56.0039,-149.1658,14.06,7.9,"261 km SE of Chiniak, Alaska",earthquake,2458141.8970010416,14.88631,1.41057,0.00258065276391,-5.978738587706456,0.7652418172058247,0.7610793727175249,-0.07970713408705438,258.51,73.9,10.43,165.59,79.98,163.65,-0.16685575137630002
us2000d3km,2018-02-16 23:39:39.280000+00:00,16.3855,-97.9787,22.0,7.2,"4 km S of Pinotepa de Don Luis, Mexico",earthquake,2458166.4858712964,342.96227,-9.73228,0.00264221938557,23.76028598867154,0.7307522291326929,0.668813057473659,0.2944281143762187,296.59,12.25,91.02,115.55,77.75,89.78,0.7743828418346274
us2000d7q6,2018-02-25 17:44:44.140000+00:00,-6.0699,142.7536,25.21,7.5,"32 km SW of Tari, Papua New Guinea",earthquake,2458175.2393997684,99.08502,20.06726,0.00244724112177,-17.204974968469003,0.8882512042791694,0.8485043454576465,-0.26273670783292846,292.72,30.02,77.36,127.24,60.78,97.21,0.3424306332576676
us1000gjaz,2018-08-29 03:51:56.100000+00:00,-22.0295,170.1262,21.43,7.1,"238 km ESE of Tadine, New Caledonia",earthquake,2458359.6610659724,6.92391,-1.93657,0.00264304432434,-60.66286151824072,0.686498420595162,0.3363482634774575,-0.598456286737261,316.18,23.85,90.41,135.73,66.16,89.82,-0.20769650513609889
us1000h3p4,2018-09-28 10:02:45.250000+00:00,-0.2559,119.8462,20.0,7.5,"72 km N of Palu, Indonesia",earthquake,2458389.9185792822,43.48841,11.41113,0.00256330160379,-36.07389211476689,0.7622807015287547,0.6161196873686742,-0.44885231286014066,349.72,67.43,-17.29,86.54,74.07,-156.47,-0.47448394051932197
us1000haa3,2018-10-10 20:48:20.100000+00:00,-5.7012,151.2046,39.0,7.0,"119 km E of Kimbe, Papua New Guinea",earthquake,2458402.366899305,218.46575,-9.83596,0.00253908407999,-5.865088990163137,0.8034860592174086,0.7992800227811633,-0.08210537460887721,243.73,34.07,70.43,86.95,58.14,102.77,0.4097814556596605
ak018fcnsk91,2018-11-30 17:29:29.330000+00:00,61.3464,-149.9552,46.7,7.1,"1 km SE of Point MacKenzie, Alaska",earthquake,2458453.2288116897,170.00824,8.56654,0.00249633213908,35.626826698052795,0.875421824543999,0.7115674703231888,0.50993637452706,6.16,27.83,-92.86,189.39,62.21,-88.49,0.9148329960239132
us1000i2gt,2018-12-05 04:18:08.420000+00:00,-21.9496,169.4266,10.0,7.5,"166 km ESE of Tadine, New Caledonia",earthquake,2458457.6792641203,226.50313,-12.43964,0.00258679245795,11.821424172188799,0.7714922283614711,0.7551295375836763,0.15804948557591547,298.01,43.15,-111.37,146.22,50.44,-71.14,0.4985548935394577
us2000ivfw,2018-12-20 17:01:55.150000+00:00,55.0999,164.6993,16.56,7.3,"187 km SE of Ust’-Kamchatsk Staryy, Russia",earthquake,2458473.209666088,59.96521,16.16749,0.00248542155558,12.756574097147945,0.8708525929081598,0.8493573308192348,0.1922923897570831,336.37,53.3,-154.49,230.46,69.8,-39.55,0.4353425529782793
us2000iyta,2018-12-29 03:39:09.740000+00:00,5.8983,126.9209,60.21,7.0,"96 km ESE of Pondaguitan, Philippines",earthquake,2458481.6521960646,185.54908,2.89664,0.00250441425195,-4.126749388784896,0.8385704037674722,0.8363962377381927,-0.060346131376732434,28.19,41.65,123.87,166.26,56.51,63.64,0.34448884082176867
us70003kyy,2019-05-14 12:58:25.939000+00:00,-4.051,152.5967,10.0,7.6,"48 km NE of Kokopo, Papua New Guinea",earthquake,2458618.040577997,178.41855,5.81189,0.00246778867112,47.71074769431672,0.9140166929725452,0.6150178486353485,0.6761505460268559,319.39,72.42,6.33,227.47,83.96,162.32,0.6775013245632422
us6000417i,2019-06-15 22:55:04.130000+00:00,-30.6441,-178.0995,46.0,7.3,"Kermadec Islands, New Zealand",earthquake,2458650.454908912,246.17358,-18.21417,0.00257039371699,-41.70785106062073,0.7532176106677961,0.5623123632965675,-0.5011402748771374,199.9,36.54,93.6,15.42,53.54,87.33,-0.14155720385143833
us70004jyv,2019-07-14 09:10:51.523000+00:00,-0.5858,128.034,18.98,7.2,"155 km SSE of Sofifi, Indonesia",earthquake,2458678.8825407755,261.85945,-20.98502,0.00261384795562,23.11115040652943,0.7545804175989976,0.6940216617633409,0.29618497535683425,35.36,78.98,-169.68,303.37,79.87,-11.19,0.17354364644542977
us60006bjl,2019-11-14 16:17:40.578000+00:00,1.6213,126.4156,33.0,7.1,"141 km NW of Ternate, Indonesia",earthquake,2458802.178941875,75.70328,20.82675,0.00258587129694,67.27774771804273,0.8000577819707452,0.3090337626986982,0.7379638121237606,24.84,41.65,75.78,223.57,49.89,102.32,0.8597678100065078
us60007idc,2020-01-28 19:10:24.918000+00:00,19.4193,-78.756,14.86,7.7,"123 km NNW of Lucea, Jamaica",earthquake,2458877.2988995137,354.14937,-7.96674,0.00270580403608,56.95621628482364,0.6942424811152006,0.37855637543403786,0.5819516244527834,165.66,85.62,-176.24,75.37,86.25,-4.39,0.47596011347127165
us70008fi4,2020-03-25 02:49:21.160000+00:00,48.9638,157.6955,57.8,7.5,"221 km SSE of Severo-Kuril’sk, Russia",earthquake,2458933.6176060187,13.42345,0.409,0.00271810370527,40.203919107017825,0.6784436780648442,0.5181626323499864,0.4379421317277966,23.37,42.94,91.82,200.88,47.09,88.31,0.6647159289305278
us6000ae4n,2020-06-18 12:49:53.844000+00:00,-33.2927,-177.8571,10.0,7.4,south of the Kermadec Islands,earthquake,2459019.034650972,53.92065,16.31939,0.00266120205331,-44.695313625876445,0.6781639835185119,0.48207761755685674,-0.4769775248294216,211.39,78.48,6.05,120.18,84.08,168.42,-0.5981424705267059
us6000ah9t,2020-06-23 15:29:04.350000+00:00,15.8861,-96.0077,20.0,7.4,"9 km SE of Santa María Xadani, Mexico",earthquake,2459024.145189236,124.28256,22.62505,0.0025378973965,17.6895200812554,0.821166067113666,0.7823389341467778,0.24951854018691588,270.87,16.96,69.96,111.74,74.09,95.97,0.8252816001911257
us7000asvb,2020-07-22 06:12:44.810000+00:00,55.0715,-158.596,28.0,7.8,"2020 Perryville, Alaska Earthquake",earthquake,2459052.758851968,143.16835,18.8228,0.00248768807904,13.419008570682665,0.8689411632255735,0.8452181479526542,0.2016557153152321,231.8,20.03,73.23,69.59,70.85,96.01,0.8231476273839543
us6000c9hg,2020-10-19 20:54:38.950000+00:00,54.602,-159.6258,28.37,7.6,"2020 Sand Point, Alaska Earthquake",earthquake,2459142.3712841435,248.1401,-20.89251,0.00243690182561,-4.885761049845522,0.9095888006422349,0.9062838033164963,-0.07746905253045078,349.62,48.77,173.04,84.22,84.77,41.44,0.2459954677835321
us7000c7y0,2020-10-30 11:51:27.348000+00:00,37.8973,26.7838,21.0,7.0,"13 km NNE of Néon Karlovásion, Greece",earthquake,2459152.994066528,24.75335,5.75076,0.00271645520722,-34.00142076765661,0.6423699869564213,0.5325399471793498,-0.35922194365128673,275.93,29.48,-87.78,93.37,60.55,-91.26,0.05689608332638721
us6000dg77,2021-02-10 13:19:55.530000+00:00,-23.0511,171.6566,10.0,7.7,southeast of the Loyalty Islands,earthquake,2459256.05550382,309.87736,-22.33899,0.00254704445213,-40.480188070981015,0.7743910171438912,0.5890254176490078,-0.5027230895797034,246.21,16.87,65.25,91.92,74.72,97.24,0.15697643293095292
us6000dher,2021-02-13 14:07:49.797000+00:00,37.7265,141.7751,43.98,7.1,"73 km ENE of Namie, Japan",earthquake,2459259.0887707984,349.30169,-10.07281,0.00262462776513,-50.619421334237586,0.7043175963671405,0.44686736140075956,-0.5444013573340071,30.04,43.14,107.24,187.0,49.23,74.48,-0.32730094516514624
us7000dffl,2021-03-04 13:27:34.647000+00:00,-37.4787,179.4576,10.0,7.3,"182 km NE of Gisborne, New Zealand",earthquake,2459278.060817674,232.31655,-17.08352,0.00246124191321,42.07740682701086,0.9180791414090902,0.6814351991097666,0.6152360354406144,301.83,52.79,152.48,49.32,68.41,40.57,0.8338168573464555
us7000dfk3,2021-03-04 17:41:23.370000+00:00,-29.6768,-177.8398,43.0,7.4,"Kermadec Islands, New Zealand",earthquake,2459278.2370760418,234.82136,-17.87871,0.00246388379238,71.61129454007353,0.9281768351920648,0.2928045039068478,0.8807824702382663,196.4,32.84,81.9,26.01,57.53,95.19,0.9906160726038316
us7000dflf,2021-03-04 19:28:33.178000+00:00,-29.7228,-177.2794,28.93,8.1,"2021 Kermadec Islands, New Zealand Earthquake",earthquake,2459278.3114951155,235.88374,-18.20434,0.00246503787335,50.04145285294366,0.9182532909140706,0.5897327650034998,0.7038496800850644,200.89,15.57,97.7,12.9,74.57,87.86,0.9649065401160932
us7000dl6y,2021-03-20 09:09:43.966000+00:00,38.4515,141.6477,43.0,7.0,"30 km E of Ishinomaki, Japan",earthquake,2459293.881758866,74.93379,22.9632,0.00269100415631,65.34639262712346,0.7081114011037342,0.2953754392796604,0.6435643761454181,190.38,23.64,80.67,20.54,66.69,94.06,0.7170969227941728
us7000e54r,2021-05-21 18:04:13.565000+00:00,34.5983,98.2513,10.0,7.3,"Southern Qinghai, China",earthquake,2459356.25293478,177.71317,6.56334,0.0024890382383,18.409513468806956,0.8713387573331935,0.8267467658969239,0.275174517551918,199.68,53.21,-151.4,91.59,67.46,-40.43,0.5165785380948629
ak0219neiszm,2021-07-29 06:15:49.188000+00:00,55.3635,-157.8876,35.0,8.2,"2021 Chignik, Alaska Earthquake",earthquake,2459424.7609859724,11.2425,0.1079,0.00263661511163,-21.296686593888463,0.7086889750709664,0.660294187317288,-0.2573939579363493,238.78,14.36,94.53,54.11,75.68,88.84,0.4105814900095204
us6000f48v,2021-08-11 17:46:13.143000+00:00,6.4748,126.7151,55.14,7.1,"60 km ENE of Pondaguitan, Philippines",earthquake,2459438.240429896,180.37163,4.97581,0.00252219987261,-76.92110043934527,0.784560655268532,0.17754027356782587,-0.7642086580619523,31.11,50.25,130.04,158.39,53.94,52.28,-0.7240954937342877
us6000f4ly,2021-08-12 18:32:52.464000+00:00,-57.5674,-25.0316,47.23,7.5,South Sandwich Islands region,earthquake,2459439.2728294446,193.19604,-1.17472,0.00250502588357,30.437467704364227,0.8629441304484732,0.7440153896421717,0.43716549755336226,105.99,26.38,56.03,322.93,68.38,105.49,0.8852049660680036
us6000f53e,2021-08-12 18:35:17.231000+00:00,-58.3753,-25.2637,22.79,8.1,2021 South Sandwich Islands Earthquake,earthquake,2459439.2745049885,193.21694,-1.1848,0.00250500055163,29.62626597517136,0.8625204249605556,0.7497617510586524,0.4263787050540878,4.12,77.62,66.2,248.19,26.66,151.45,0.8792182763206929
us6000f65h,2021-08-14 12:29:08.454000+00:00,18.4335,-73.4822,10.0,7.2,"Nippes, Haiti",earthquake,2459441.020236736,215.49354,-11.4245,0.00248304365769,-50.34570117375489,0.8300344265768351,0.529689717770233,-0.6390508212898458,266.08,50.61,33.8,153.06,64.53,135.34,-0.4837106545734202
us6000f9sq,2021-08-22 21:33:18.983000+00:00,-60.2845,-24.8743,6.0,7.1,South Sandwich Islands region,earthquake,2459449.3981363773,338.43717,-14.44282,0.00254569790687,21.950657527149346,0.816503667311108,0.7573121465051305,0.30521558198801135,29.06,15.82,-84.45,203.3,74.25,-91.57,0.8467137992795117
us7000f93v,2021-09-08 01:47:47.437000+00:00,16.9465,-99.753,20.0,7.0,"Acapulco, Mexico",earthquake,2459465.574854595,180.73046,4.68406,0.00249616268981,-3.0230110506768346,0.8477207461432363,0.8465410877278327,-0.044706266118108996,274.68,21.02,75.77,109.89,69.66,95.4,0.6360202446980991
us6000gc2a,2021-12-14 03:20:23.809000+00:00,-7.6033,122.2274,14.27,7.3,Flores Sea,earthquake,2459562.639164456,26.378,7.73208,0.00267684563515,-42.458874416355094,0.6673781952721765,0.49236631871664815,-0.4505208804463599,20.52,86.89,0.6,290.49,89.4,176.89,-0.629578294517522
us6000h519,2022-03-16 14:36:30.997000+00:00,37.7132,141.5793,41.0,7.3,"57 km ENE of Namie, Japan",earthquake,2459655.1086920947,158.60339,14.34922,0.00259383436459,62.13964716716162,0.7910758808553884,0.36968412489606284,0.6993816533702903,184.47,40.42,80.16,17.3,50.3,98.28,0.8520139311536469
us7000gymk,2022-03-31 05:44:01.146000+00:00,-22.586,170.3744,10.0,7.0,southeast of the Loyalty Islands,earthquake,2459669.738902153,359.4843,-4.83733,0.00255658665431,5.281813377838808,0.7947840121309196,0.7914093337549634,0.07316346345305651,292.62,25.37,77.81,126.07,65.24,95.72,0.6372408631285831
us6000i5rd,2022-07-27 00:43:26.871000+00:00,17.5207,120.8181,33.729,7.0,"11 km NE of Bantay, Philippines",earthquake,2459787.530172118,106.66665,26.72131,0.00271476186689,59.80703590260031,0.6880146250229034,0.3460120565302352,0.5946761984316539,359.55,35.4,39.91,235.27,68.18,118.59,0.7402483019460884
us7000i9bw,2022-09-19 18:05:08.217000+00:00,18.4552,-102.9561,26.943,7.6,"35 km SSW of Aguililla, Mexico",earthquake,2459842.2535673263,108.54927,26.92467,0.00270395496084,35.48002300409151,0.6871877783449049,0.5595893355657116,0.3988568894073808,287.38,17.67,85.5,112.1,72.38,91.43,0.7383287365528112
us7000ip0l,2022-11-11 10:48:46.710000+00:00,-19.2881,-172.1471,37.0,7.3,"205 km ESE of Neiafu, Tonga",earthquake,2459894.950540625,82.01576,26.62223,0.00267822880351,27.963180141010408,0.7036716786266701,0.6215173810545103,0.3299545064829671,187.66,39.73,66.57,37.06,54.1,108.29,0.6314848071508458
us7000irfb,2022-11-22 02:03:06.891000+00:00,-9.8198,159.6033,14.0,7.0,"18 km SW of Malango, Solomon Islands",earthquake,2459905.585496424,212.72899,-12.37707,0.00250085048458,51.65803272589635,0.8797550410465496,0.54575928457232,0.6900114024781948,29.17,14.4,-159.29,279.06,84.96,-76.5,0.9132555551021906
us7000j2yw,2023-01-08 12:32:42.372000+00:00,-14.9467,166.8791,29.0,7.0,"23 km WNW of Port-Olry, Vanuatu",earthquake,2459953.022712639,128.20366,23.96502,0.00271688449776,43.11026908325262,0.6806573703864988,0.4969069720457747,0.46516439781410934,341.43,32.2,104.18,144.81,58.89,81.23,0.7198859551096645
us7000j553,2023-01-18 06:06:11.454000+00:00,2.7306,127.0221,29.708,7.0,"156 km NW of Tobelo, Indonesia",earthquake,2459962.754299236,244.83677,-23.77387,0.00246196946636,-2.8104605770844904,0.883697031767969,0.8826341228506068,-0.04332954113833479,39.56,77.7,-169.15,307.22,79.4,-12.52,-0.20294875726620212
us6000jllz,2023-02-06 01:17:34.342000+00:00,37.2256,37.0143,10.0,7.8,"Pazarcik earthquake, Kahramanmaras earthquake sequence",earthquake,2459981.553869699,143.77505,19.51437,0.00271089978899,43.88487127854846,0.6855634298742214,0.4941089940959866,0.4752404847383678,317.63,88.71,-179.18,227.61,89.18,-1.29,0.29292993671904755
us6000jlqa,2023-02-06 10:24:48.811000+00:00,38.0106,37.1962,7.432,7.5,"Elbistan earthquake, Kahramanmaras earthquake sequence",earthquake,2459981.933898276,148.24605,17.92398,0.00270784668813,-34.901320265337525,0.6480063630201174,0.531455090788208,-0.3707664129743387,277.2,77.87,3.5,186.46,86.57,167.85,-0.4898130393593013
us7000jkbd,2023-03-16 00:56:00.149000+00:00,-30.1741,-176.2047,10.0,7.0,Kermadec Islands region,earthquake,2460019.538890613,278.1328,-27.83588,0.00247526198031,10.50920278713518,0.879913117579499,0.8651531244539677,0.16049039141335092,111.4,24.3,175.16,205.81,88.01,65.77,0.7706469071025884
us6000k1id,2023-04-02 18:04:11.261000+00:00,-4.3229,143.1658,70.0,7.0,"40 km ESE of Ambunti, Papua New Guinea",earthquake,2460037.2529081134,156.87498,14.56349,0.00268801862658,0.10026360493681037,0.6806990314603635,0.6806979892235905,0.0011911750659194557,157.26,53.07,-164.24,57.63,77.46,-37.99,0.19257640643338564
us6000k6mg,2023-04-24 00:41:55.894000+00:00,-29.9574,-177.8386,46.755,7.1,"Kermadec Islands, New Zealand",earthquake,2460058.529119144,79.0307,26.89952,0.00263140409679,23.174654479085802,0.7395161270537858,0.6798442117722774,0.29102568596665457,176.04,26.65,71.57,16.49,64.82,99.02,0.7202246371441914
us7000jvl3,2023-04-24 20:00:57.265000+00:00,-0.8082,98.5112,34.0,7.1,"171 km SSE of Teluk Dalam, Indonesia",earthquake,2460059.3339961227,90.24328,27.84326,0.00265411854249,-57.75628468814192,0.6789705295590861,0.3622455424733791,-0.5742640045901476,312.86,7.45,89.79,133.07,82.55,90.03,0.03817383770051688
us6000kd0n,2023-05-19 02:57:03.172000+00:00,-23.2063,170.7423,18.053,7.7,southeast of the Loyalty Islands,earthquake,2460083.6229533795,48.18702,19.5302,0.002572694483,29.217976757244912,0.7954354281973998,0.6942313566496209,0.3882786935643103,260.23,39.19,-89.85,80.03,50.81,-90.13,0.728320969792815
us6000kdce,2023-05-20 01:50:59.158000+00:00,-23.0421,170.5603,27.309,7.1,southeast of the Loyalty Islands,earthquake,2460084.577073588,60.92887,23.40621,0.00259714878347,40.690326217475345,0.7792109676655041,0.5908323723383624,0.5080224797459597,92.85,30.73,-92.07,275.27,59.29,-88.77,0.8213773805566882
us7000kg30,2023-07-16 06:48:21.158000+00:00,54.3926,-160.762,25.0,7.2,"2023 Sand Point, Alaska Earthquake",earthquake,2460141.783578217,97.44426,27.85453,0.00267888551965,-0.8571977996105481,0.6870604187658598,0.6869835280925842,-0.010278675215427111,255.04,21.71,105.0,58.95,69.06,84.12,0.5289838874062263
us7000l9h4,2023-11-08 04:53:49.631000+00:00,-6.416,129.5466,6.0,7.1,Banda Sea,earthquake,2460256.704046655,168.48503,8.49859,0.00269729945743,6.672890777432247,0.6773669216822071,0.6727782624226653,0.07871058506178644,140.23,70.6,-178.46,49.72,88.54,-19.41,0.054338354857123294
us7000lff4,2023-12-02 14:37:04.454000+00:00,8.5266,126.4161,40.0,7.6,"19 km E of Gamut, Philippines",earthquake,2460281.109079329,135.03527,22.13515,0.00268277464891,12.896246686197234,0.6919115831082647,0.6744586785069753,0.15442515930381867,163.74,16.3,63.11,11.58,75.51,97.53,0.6742590050916774
us7000lgwp,2023-12-07 12:56:30.184000+00:00,-20.6152,169.3089,48.0,7.1,"118 km S of Isangel, Vanuatu",earthquake,2460286.0392382406,189.5369,-2.8031,0.00267007752023,-18.753811654509736,0.6839156563653311,0.6476057147216265,-0.21988056594777314,334.28,41.8,88.61,156.14,48.21,91.24,0.09799061220469513
us6000m0xl,2024-01-01 07:10:09.476000+00:00,37.4874,137.271,10.0,7.5,"2024 Noto Peninsula, Japan Earthquake",earthquake,2460310.798720787,162.05606,11.21811,0.00270594792602,-42.013455545911626,0.6464084131233729,0.48027347683047744,-0.43264445450027667,49.23,41.32,102.5,212.78,49.86,79.22,-0.18177304937883138
us7000lsze,2024-01-22 18:09:04.340000+00:00,41.2555,78.6538,13.0,7.0,"128 km WNW of Aykol, China",earthquake,2460332.2563002314,87.40983,28.0915,0.0026231672267,65.53528081597997,0.7655438602253075,0.3170368533586085,0.6968106166966297,235.43,44.78,41.97,112.88,61.9,126.42,0.8243785407510521
us7000m9g4,2024-04-02 23:58:12.173000+00:00,23.8356,121.5976,40.0,7.4,"15 km S of Hualien City, Taiwan",earthquake,2460403.498752002,297.28143,-26.38895,0.00250416722533,36.92312289655542,0.8680174872884555,0.6939298803108599,0.5214553475133988,19.42,53.76,72.84,227.0,39.59,111.93,0.8509221849802554
us6000n8tq,2024-06-28 05:36:36.902000+00:00,-15.8277,-74.454,24.0,7.2,"10 km WSW of Atiquipa, Peru",earthquake,2460489.73376044,358.39183,-1.97692,0.00246940845414,16.68375829302623,0.891052679399691,0.8535428498991745,0.255811416577454,163.72,76.6,99.02,309.31,16.1,56.65,0.8946377664402095
us6000nith,2024-08-08 07:42:55.206000+00:00,31.7599,131.5021,24.0,7.1,"2024 Hyuganada Sea, Japan Earthquake",earthquake,2460530.821472292,179.17726,1.19149,0.00270754403389,50.676974572952616,0.6907428305762016,0.43771807058934875,0.5343487144851767,202.65,18.41,75.81,37.58,72.17,94.67,0.7315765866482883
us7000n7n8,2024-08-17 19:10:26.820000+00:00,52.9308,160.1331,29.0,7.0,"102 km E of Petropavlovsk-Kamchatsky, Russia",earthquake,2460540.298921528,301.28205,-25.25077,0.00247076577784,-34.20315147886961,0.8515159855331824,0.7042460032268651,-0.4786617182912513,41.75,65.13,93.8,212.76,25.14,81.86,0.14118183896253816
nc75095651,2024-12-05 18:44:21.110000+00:00,40.374,-125.021666666667,10.0,7.0,"2024 Offshore Cape Mendocino, California Earthquake",earthquake,2460650.2807998843,311.20011,-22.38455,0.00255035218509,-8.336645261471507,0.7912493865223479,0.7828884594096367,-0.11472249908016094,189.47,88.88,-6.25,279.59,83.75,-178.87,-0.34509989347267045
us7000nzf3,2024-12-17 01:47:25.741000+00:00,-17.6914,168.0842,54.372,7.3,"24 km WNW of Port-Vila, Vanuatu",earthquake,2460661.574603484,109.47538,27.11005,0.00252528737692,-77.83778808259753,0.7816223638760145,0.16467229255437685,-0.7640788936857335,155.13,18.91,173.34,251.44,87.85,71.21,-0.4023231171718516
